﻿
CREATE FUNCTION clean_insolvency_states() RETURNS void
    LANGUAGE plpgsql
    AS $$
DECLARE insolvency_record RECORD; 
DECLARE state_record RECORD; 
DECLARE last_state INTEGER;
BEGIN
   FOR insolvency_record IN SELECT distinct(insolvency_id) FROM insolvency_state_tab LOOP 
      last_state=-1;
       FOR state_record IN SELECT * FROM insolvency_state_tab AS ist WHERE ist.insolvency_id=insolvency_record.insolvency_id ORDER BY ist.state_change_timestamp, ist.action_id ASC LOOP 
          IF last_state<>-1 THEN	  
             IF last_state = state_record.state THEN
                DELETE FROM insolvency_state_tab WHERE action_id=state_record.action_id;
             END IF;
          END IF;
          last_state=state_record.state;
       END LOOP;	
   END LOOP;   
END;
$$;

CREATE FUNCTION extract_psc_from_address(address text) RETURNS bigint
    LANGUAGE plpgsql
    AS $$
DECLARE result TEXT;
DECLARE normalized_address TEXT;
BEGIN
   SELECT * FROM normalize_string_for_compare(address) INTO normalized_address;
   SELECT * FROM regexp_replace(normalized_address, '.*psc([0-9]{5}).*', '\1') INTO result;
   IF result = normalized_address THEN
      RETURN NULL;
   ELSE 
      RETURN result::bigint;
   END IF;
END;
$$;



CREATE FUNCTION normalize_string_for_compare(text) RETURNS text
    LANGUAGE plpgsql IMMUTABLE
    AS $_$ 
BEGIN 
  return regexp_replace(lower(unaccent_string(coalesce($1, ''))), '[^a-zA-Z0-9]+', '', 'g'); 
END 
$_$;


CREATE FUNCTION normalize_white_space(text) RETURNS text
    LANGUAGE plpgsql IMMUTABLE
    AS $_$ 
BEGIN 
  return regexp_replace(trim($1),E'\\s+',' ','g');
END 
$_$;



CREATE FUNCTION unaccent_string(text) RETURNS text
    LANGUAGE sql IMMUTABLE STRICT
    AS $_$
SELECT translate(
    $1,
    'ÀÁÂÃÄÅÇÈÉÊËÌÍÎÏÐÑÒÓÔÕÖØÙÚÛÜÝÞ00E0àáâãäåçèéêëìíîïñòóôõöøùúûüýÿĀāĂăĄąĆćĈĉĊċČčĎďĐđĒēĔĕĖėĘęĚěĜĝĞğĠġĢģĤĥħĨĩĪīĬĭĮįİĴĵĶķĹĺĻļĽľĿŀŁłŃńŅņŇňŉŊŋŌōŎŏŐőŔŕŖŗŘřŚśŜŝŞşŠšŢţŤťŦŧŨũŪūŬŭŮůŰűŲųŴŵŶŷŸŹźŻżŽžƀƁƂƃƄƅƇƈƉƊƋƌƐƑƒƓƔƘƙƚƜƝƞƟƠơƦƫƬƭƮƯưƳƴƵƶǍǎǏǐǑǒǓǔǕǖǗǘǙǚǛǜǞǟǠǡǤǥǦǧǨǩǪǫǬǭǴǵǸǹǺǻǾǿȀȁȂȃȄȅȆȇȈȉȊȋȌȍȎȏȐȑȒȓȔȕȖȗḀḁḂḃḄḅḆḇḈḉḊḋḌḍḎḏḐḑḒḓḔḕḖḗḘḙḚḛḜḝḞḟḠḡḢḣḤḥḦḧḨḩḪḫḬḭḮḯḰḱḲḳḴḵḶḷḸḹḺḻḼḽḾḿṀṁṂṃṄṅṆṇṈṉṊṋṌṍṎṏṐṑṒṓṔṕṖṗṘṙṚṛṜṝṞṟṠṡṢṣṤṥṦṧṨṩṪṫṬṭṮṯṰṱṲṳṴṵṶṷṸṹṺṻṼṽṾṿẀẁẂẃẄẅẆẇẈẉẊẋẌẍẎẏẐẑẒẓẔẕẖẗẘẙẚẛẜẝẞẟẠạẢảẤấẦầẨẩẪẫẬậẮắẰằẲẳẴẵẶặẸẹẺẻẼẽẾếỀềỂểỄễỆệỈỉỊịỌọỎỏỐốỒồỔổỖỗỘộỚớỜờỞởỠỡỢợỤụỦủỨứỪừỬửỮữỰựỲỳỴỵỶỷỸỹ',
    'AAAAAACEEEEIIIIÐNOOOOOØUUUUYÞ00E0aaaaaaceeeeiiiinoooooøuuuuyyAaAaAaCcCcCcCcDdĐđEeEeEeEeEeGgGgGgGgHhħIiIiIiIiIJjKkLlLlLlĿŀŁłNnNnNnŉŊŋOoOoOoRrRrRrSsSsSsSsTtTtŦŧUuUuUuUuUuUuWwYyYZzZzZzƀƁƂƃƄƅƇƈƉƊƋƌƐƑƒƓƔƘƙƚƜƝƞƟOoƦƫƬƭƮUuƳƴƵƶAaIiOoUuUuUuUuUuAaAaǤǥGgKkOoOoGgNnAaØøAaAaEeEeIiIiOoOoRrRrUuUuAaBbBbBbCcDdDdDdDdDdEeEeEeEeEeFfGgHhHhHhHhHhIiIiKkKkKkLlLlLlLlMmMmMmNnNnNnNnOoOoOoOoPpPpRrRrRrRrSsSsSsSsSsTtTtTtTtUuUuUuUuUuVvVvWwWwWwWwWwXxXxYyZzZzZzhtwyẚſẜẝẞẟAaAaAaAaAaAaAaAaAaAaAaAaEeEeEeEeEeEeEeEeIiIiOoOoOoOoOoOoOoOoOoOoOoOoUuUuUuUuUuUuUuYyYyYyYy'
);
$_$;

CREATE TABLE administrator_types_tab (
    id integer NOT NULL,
    description character varying(128) NOT NULL
);

CREATE SEQUENCE administrator_types_tab_id_seq
    START WITH 1
    INCREMENT BY 1
    NO MINVALUE
    NO MAXVALUE
    CACHE 1;


ALTER SEQUENCE administrator_types_tab_id_seq OWNED BY administrator_types_tab.id;


CREATE TABLE administrators_tab (
    administrator character varying(512) NOT NULL,
    id integer NOT NULL
);

CREATE SEQUENCE administrators_tab_id_seq
    START WITH 1
    INCREMENT BY 1
    NO MINVALUE
    NO MAXVALUE
    CACHE 1;

ALTER SEQUENCE administrators_tab_id_seq OWNED BY administrators_tab.id;

CREATE TABLE insolvency_state_tab (
    insolvency_id character varying(50) NOT NULL,
    state integer NOT NULL,
    state_change_timestamp timestamp without time zone NOT NULL,
    action_id bigint NOT NULL
);


CREATE TABLE insolvency_tab (
    id character varying(30) NOT NULL,
    debtor_name character varying(255) NOT NULL,
    ico character(8),
    reference_number character varying(30) NOT NULL,
    proposal_timestamp timestamp without time zone,
    url character varying(2000),
    gender character varying(1),
    debtor_address character varying(512),
    year_of_birth integer,
    birth_number_hash_code integer,
    region_id bigint
);

CREATE TABLE http_cache_tab
(
  url character varying(2000) NOT NULL,
  content text,
  download_date timestamp without time zone,
  CONSTRAINT pk_http_cache_tab PRIMARY KEY (url)
)
WITH (
  OIDS=FALSE
);

CREATE TABLE psc_tab (
    psc bigint NOT NULL,
    region_id bigint NOT NULL
);

CREATE TABLE regions_tab (
    id integer NOT NULL,
    name character varying NOT NULL
);

CREATE TABLE file_tab (
    url character varying(2000) NOT NULL,
    insolvency_id character varying(30) NOT NULL,
    publish_date timestamp without time zone NOT NULL,
    creditor character varying(255),
    document_section character varying(1) NOT NULL,
    id integer NOT NULL,
    file_type_id bigint NOT NULL
);

CREATE SEQUENCE file_tab_id_seq
    START WITH 1
    INCREMENT BY 1
    NO MINVALUE
    NO MAXVALUE
    CACHE 1;
    
ALTER SEQUENCE file_tab_id_seq OWNED BY file_tab.id;

CREATE TABLE file_type_tab (
    id integer NOT NULL,
    description text NOT NULL
);

CREATE SEQUENCE file_type_tab_id_seq
    START WITH 1
    INCREMENT BY 1
    NO MINVALUE
    NO MAXVALUE
    CACHE 1;

ALTER SEQUENCE file_type_tab_id_seq OWNED BY file_type_tab.id;

CREATE TABLE insolvencies_administrators_tab (
    administrator_id integer NOT NULL,
    insolvency_id character varying NOT NULL,
    administrator_type_id bigint NOT NULL
);

CREATE SEQUENCE insolvencies_administrators_tab_administrator_id_seq
    START WITH 1
    INCREMENT BY 1
    NO MINVALUE
    NO MAXVALUE
    CACHE 1;

ALTER SEQUENCE insolvencies_administrators_tab_administrator_id_seq OWNED BY insolvencies_administrators_tab.administrator_id;

CREATE TABLE insolvency_states_types_tab (
    id integer NOT NULL,
    text_identifier character varying(128) NOT NULL,
    description character varying(256)
);

CREATE SEQUENCE insolvency_states_types_tab_id_seq
    START WITH 1
    INCREMENT BY 1
    NO MINVALUE
    NO MAXVALUE
    CACHE 1;

ALTER SEQUENCE insolvency_states_types_tab_id_seq OWNED BY insolvency_states_types_tab.id;

CREATE SEQUENCE regions_tab_id_seq
    START WITH 1
    INCREMENT BY 1
    NO MINVALUE
    NO MAXVALUE
    CACHE 1;


ALTER SEQUENCE regions_tab_id_seq OWNED BY regions_tab.id;

CREATE TABLE subjects_tab (
    name character varying NOT NULL,
    ico character varying,
    form character varying,
    legal_form character varying,
    address_form character varying,
    address_city character varying,
    addres_street character varying,
    address_description_number character varying,
    address_country character varying,
    address_zip_code character varying,
    degree_before character varying,
    degree_after character varying
);

CREATE TABLE ws_events_tab (
    id bigint NOT NULL,
    event_timestamp timestamp without time zone NOT NULL,
    insolvency_id character varying NOT NULL,
    event text NOT NULL
);


ALTER TABLE ONLY administrator_types_tab ALTER COLUMN id SET DEFAULT nextval('administrator_types_tab_id_seq'::regclass);

ALTER TABLE ONLY administrators_tab ALTER COLUMN id SET DEFAULT nextval('administrators_tab_id_seq'::regclass);

ALTER TABLE ONLY file_tab ALTER COLUMN id SET DEFAULT nextval('file_tab_id_seq'::regclass);

ALTER TABLE ONLY file_type_tab ALTER COLUMN id SET DEFAULT nextval('file_type_tab_id_seq'::regclass);

ALTER TABLE ONLY insolvencies_administrators_tab ALTER COLUMN administrator_id SET DEFAULT nextval('insolvencies_administrators_tab_administrator_id_seq'::regclass);

ALTER TABLE ONLY insolvency_states_types_tab ALTER COLUMN id SET DEFAULT nextval('insolvency_states_types_tab_id_seq'::regclass);

ALTER TABLE ONLY regions_tab ALTER COLUMN id SET DEFAULT nextval('regions_tab_id_seq'::regclass);

ALTER TABLE ONLY administrator_types_tab
    ADD CONSTRAINT administrator_types_tab_description_unique_constraint UNIQUE (description);

ALTER TABLE ONLY administrator_types_tab
    ADD CONSTRAINT administrator_types_tab_pkey PRIMARY KEY (id);

ALTER TABLE ONLY administrators_tab
    ADD CONSTRAINT administrators_tab_administrator_unique_constraint UNIQUE (administrator);

ALTER TABLE ONLY administrators_tab
    ADD CONSTRAINT administrators_tab_pkey PRIMARY KEY (id);

ALTER TABLE ONLY file_tab
    ADD CONSTRAINT file_tab_insolvency_id_file_type_id_url_unique UNIQUE (insolvency_id, file_type_id, url);

ALTER TABLE ONLY file_tab
    ADD CONSTRAINT file_tab_pkey PRIMARY KEY (id);

ALTER TABLE ONLY file_type_tab
    ADD CONSTRAINT file_type_tab_description_unique_constraint UNIQUE (description);

ALTER TABLE ONLY file_type_tab
    ADD CONSTRAINT file_type_tab_pkey PRIMARY KEY (id);

ALTER TABLE ONLY insolvencies_administrators_tab
    ADD CONSTRAINT files_administrators_tab_pkey PRIMARY KEY (administrator_id, insolvency_id, administrator_type_id);

ALTER TABLE ONLY insolvency_state_tab
    ADD CONSTRAINT insolvency_state_tab_insolvency_id_state_state_change_timestamp UNIQUE (insolvency_id, state, state_change_timestamp, action_id);

ALTER TABLE ONLY insolvency_state_tab
    ADD CONSTRAINT insolvency_state_tab_pkey PRIMARY KEY (action_id);

ALTER TABLE ONLY insolvency_states_types_tab
    ADD CONSTRAINT insolvency_states_types_tab_text_identifier_unique UNIQUE (text_identifier);

ALTER TABLE ONLY insolvency_tab
    ADD CONSTRAINT pk_insolvency_tab PRIMARY KEY (id);

ALTER TABLE ONLY insolvency_states_types_tab
    ADD CONSTRAINT proceedings_states_types_tab_pkey PRIMARY KEY (id);

ALTER TABLE ONLY psc_tab
    ADD CONSTRAINT psc_tab_pkey PRIMARY KEY (psc);

ALTER TABLE ONLY psc_tab
    ADD CONSTRAINT psc_tab_psc_unique_constraint UNIQUE (psc);

ALTER TABLE ONLY regions_tab
    ADD CONSTRAINT regions_tab_name_unique_constraint UNIQUE (name);

ALTER TABLE ONLY regions_tab
    ADD CONSTRAINT regions_tab_pkey PRIMARY KEY (id);

ALTER TABLE ONLY subjects_tab
    ADD CONSTRAINT subjects_tab_pkey PRIMARY KEY (name);

ALTER TABLE ONLY ws_events_tab
    ADD CONSTRAINT ws_events_tab_pkey PRIMARY KEY (id);


CREATE INDEX creditor_files_tab_index ON creditor_files_tab USING btree (document_id);

CREATE INDEX creditor_files_tab_method_index ON creditor_files_tab USING btree (method);

CREATE INDEX file_tab_creditor_normalized_index ON file_tab USING btree (normalize_string_for_compare((creditor)::text));

CREATE INDEX file_tab_url_index ON file_tab USING btree (url);

CREATE INDEX insolvency_id_index ON file_tab USING btree (insolvency_id);

CREATE INDEX insolvency_state_tab_action_id_index ON insolvency_state_tab USING btree (action_id);

CREATE INDEX insolvency_state_tab_insolvency_id_index ON insolvency_state_tab USING btree (insolvency_id);

CREATE INDEX insolvency_tab_id_index ON insolvency_tab USING btree (id);

CREATE INDEX ws_events_tab_id_index ON ws_events_tab USING btree (id);

CREATE INDEX ws_events_tab_insolvency_id_index ON ws_events_tab USING btree (insolvency_id);

ALTER TABLE ONLY insolvencies_administrators_tab
    ADD CONSTRAINT insolvencies_administrators_tab_administrator_id_fkey FOREIGN KEY (administrator_id) REFERENCES administrators_tab(id);

ALTER TABLE ONLY insolvencies_administrators_tab
    ADD CONSTRAINT insolvencies_administrators_tab_administrator_type_id_fkey FOREIGN KEY (administrator_type_id) REFERENCES administrator_types_tab(id);

ALTER TABLE ONLY insolvencies_administrators_tab
    ADD CONSTRAINT insolvencies_administrators_tab_insolvency_id_fkey FOREIGN KEY (insolvency_id) REFERENCES insolvency_tab(id);

ALTER TABLE ONLY insolvency_state_tab
    ADD CONSTRAINT insolvency_state_tab_state_fkey FOREIGN KEY (state) REFERENCES insolvency_states_types_tab(id);

ALTER TABLE ONLY insolvency_tab
    ADD CONSTRAINT insolvency_tab_region_id_fkey FOREIGN KEY (region_id) REFERENCES regions_tab(id);

ALTER TABLE ONLY psc_tab
    ADD CONSTRAINT psc_tab_region_id_fkey FOREIGN KEY (region_id) REFERENCES regions_tab(id);

INSERT INTO regions_tab VALUES (1, 'Jihočeský kraj');
INSERT INTO regions_tab VALUES (2, 'Karlovarský kraj');
INSERT INTO regions_tab VALUES (3, 'Kraj Vysočina');
INSERT INTO regions_tab VALUES (4, 'Královéhradecký kraj');
INSERT INTO regions_tab VALUES (5, 'Liberecký kraj');
INSERT INTO regions_tab VALUES (6, 'Moravskoslezský kraj');
INSERT INTO regions_tab VALUES (7, 'Olomoucký kraj');
INSERT INTO regions_tab VALUES (8, 'Pardubický kraj');
INSERT INTO regions_tab VALUES (9, 'Plzeňský kraj');
INSERT INTO regions_tab VALUES (10, 'Praha');
INSERT INTO regions_tab VALUES (12, 'Ústecký kraj');
INSERT INTO regions_tab VALUES (13, 'Zlínský kraj');
INSERT INTO regions_tab VALUES (14, 'Jihomoravský kraj');
INSERT INTO regions_tab VALUES (11, 'Středočeský kraj');


INSERT INTO psc_tab VALUES (37371, 1);
INSERT INTO psc_tab VALUES (39816, 1);
INSERT INTO psc_tab VALUES (39811, 1);
INSERT INTO psc_tab VALUES (54957, 4);
INSERT INTO psc_tab VALUES (39817, 1);
INSERT INTO psc_tab VALUES (39701, 1);
INSERT INTO psc_tab VALUES (54952, 4);
INSERT INTO psc_tab VALUES (37501, 1);
INSERT INTO psc_tab VALUES (38411, 1);
INSERT INTO psc_tab VALUES (51722, 4);
INSERT INTO psc_tab VALUES (39131, 1);
INSERT INTO psc_tab VALUES (38001, 1);
INSERT INTO psc_tab VALUES (38773, 1);
INSERT INTO psc_tab VALUES (38901, 1);
INSERT INTO psc_tab VALUES (50315, 4);
INSERT INTO psc_tab VALUES (50351, 4);
INSERT INTO psc_tab VALUES (50723, 4);
INSERT INTO psc_tab VALUES (57101, 8);
INSERT INTO psc_tab VALUES (51801, 4);
INSERT INTO psc_tab VALUES (39175, 1);
INSERT INTO psc_tab VALUES (37842, 1);
INSERT INTO psc_tab VALUES (53501, 8);
INSERT INTO psc_tab VALUES (39165, 1);
INSERT INTO psc_tab VALUES (50401, 4);
INSERT INTO psc_tab VALUES (51764, 4);
INSERT INTO psc_tab VALUES (51761, 4);
INSERT INTO psc_tab VALUES (38743, 1);
INSERT INTO psc_tab VALUES (38801, 1);
INSERT INTO psc_tab VALUES (51763, 4);
INSERT INTO psc_tab VALUES (26242, 1);
INSERT INTO psc_tab VALUES (38742, 1);
INSERT INTO psc_tab VALUES (50801, 4);
INSERT INTO psc_tab VALUES (54232, 4);
INSERT INTO psc_tab VALUES (39143, 1);
INSERT INTO psc_tab VALUES (54237, 4);
INSERT INTO psc_tab VALUES (54234, 4);
INSERT INTO psc_tab VALUES (38241, 1);
INSERT INTO psc_tab VALUES (38282, 1);
INSERT INTO psc_tab VALUES (50732, 4);
INSERT INTO psc_tab VALUES (54474, 4);
INSERT INTO psc_tab VALUES (50346, 4);
INSERT INTO psc_tab VALUES (50303, 4);
INSERT INTO psc_tab VALUES (54101, 4);
INSERT INTO psc_tab VALUES (54204, 4);
INSERT INTO psc_tab VALUES (40714, 12);
INSERT INTO psc_tab VALUES (54931, 4);
INSERT INTO psc_tab VALUES (54954, 4);
INSERT INTO psc_tab VALUES (54964, 4);
INSERT INTO psc_tab VALUES (39843, 1);
INSERT INTO psc_tab VALUES (54472, 4);
INSERT INTO psc_tab VALUES (39801, 1);
INSERT INTO psc_tab VALUES (54401, 4);
INSERT INTO psc_tab VALUES (54226, 4);
INSERT INTO psc_tab VALUES (54452, 4);
INSERT INTO psc_tab VALUES (43526, 12);
INSERT INTO psc_tab VALUES (43401, 12);
INSERT INTO psc_tab VALUES (53851, 8);
INSERT INTO psc_tab VALUES (66701, 14);
INSERT INTO psc_tab VALUES (56904, 8);
INSERT INTO psc_tab VALUES (38281, 1);
INSERT INTO psc_tab VALUES (41186, 12);
INSERT INTO psc_tab VALUES (53807, 8);
INSERT INTO psc_tab VALUES (54946, 4);
INSERT INTO psc_tab VALUES (53826, 8);
INSERT INTO psc_tab VALUES (50771, 4);
INSERT INTO psc_tab VALUES (41108, 12);
INSERT INTO psc_tab VALUES (55101, 4);
INSERT INTO psc_tab VALUES (50323, 4);
INSERT INTO psc_tab VALUES (69642, 14);
INSERT INTO psc_tab VALUES (68703, 13);
INSERT INTO psc_tab VALUES (66432, 14);
INSERT INTO psc_tab VALUES (40722, 12);
INSERT INTO psc_tab VALUES (40502, 12);
INSERT INTO psc_tab VALUES (54901, 4);
INSERT INTO psc_tab VALUES (43001, 12);
INSERT INTO psc_tab VALUES (54906, 4);
INSERT INTO psc_tab VALUES (37852, 1);
INSERT INTO psc_tab VALUES (37701, 1);
INSERT INTO psc_tab VALUES (67103, 14);
INSERT INTO psc_tab VALUES (51731, 4);
INSERT INTO psc_tab VALUES (51771, 4);
INSERT INTO psc_tab VALUES (38101, 1);
INSERT INTO psc_tab VALUES (53944, 8);
INSERT INTO psc_tab VALUES (53401, 8);
INSERT INTO psc_tab VALUES (56982, 8);
INSERT INTO psc_tab VALUES (33141, 9);
INSERT INTO psc_tab VALUES (38211, 1);
INSERT INTO psc_tab VALUES (41801, 12);
INSERT INTO psc_tab VALUES (38481, 1);
INSERT INTO psc_tab VALUES (38422, 1);
INSERT INTO psc_tab VALUES (38226, 1);
INSERT INTO psc_tab VALUES (51724, 4);
INSERT INTO psc_tab VALUES (38229, 1);
INSERT INTO psc_tab VALUES (37367, 1);
INSERT INTO psc_tab VALUES (39181, 1);
INSERT INTO psc_tab VALUES (39133, 1);
INSERT INTO psc_tab VALUES (51725, 4);
INSERT INTO psc_tab VALUES (39135, 1);
INSERT INTO psc_tab VALUES (51721, 4);
INSERT INTO psc_tab VALUES (50306, 4);
INSERT INTO psc_tab VALUES (54701, 4);
INSERT INTO psc_tab VALUES (51741, 4);
INSERT INTO psc_tab VALUES (53862, 8);
INSERT INTO psc_tab VALUES (33401, 9);
INSERT INTO psc_tab VALUES (69125, 14);
INSERT INTO psc_tab VALUES (54475, 4);
INSERT INTO psc_tab VALUES (54477, 4);
INSERT INTO psc_tab VALUES (38501, 1);
INSERT INTO psc_tab VALUES (38492, 1);
INSERT INTO psc_tab VALUES (34012, 9);
INSERT INTO psc_tab VALUES (54974, 4);
INSERT INTO psc_tab VALUES (50601, 4);
INSERT INTO psc_tab VALUES (53002, 4);
INSERT INTO psc_tab VALUES (37312, 1);
INSERT INTO psc_tab VALUES (55001, 4);
INSERT INTO psc_tab VALUES (50332, 4);
INSERT INTO psc_tab VALUES (37349, 1);
INSERT INTO psc_tab VALUES (50002, 4);
INSERT INTO psc_tab VALUES (39116, 1);
INSERT INTO psc_tab VALUES (37332, 1);
INSERT INTO psc_tab VALUES (56112, 8);
INSERT INTO psc_tab VALUES (50004, 4);
INSERT INTO psc_tab VALUES (37006, 1);
INSERT INTO psc_tab VALUES (37007, 1);
INSERT INTO psc_tab VALUES (37382, 1);
INSERT INTO psc_tab VALUES (37001, 1);
INSERT INTO psc_tab VALUES (50009, 4);
INSERT INTO psc_tab VALUES (50341, 4);
INSERT INTO psc_tab VALUES (37853, 1);
INSERT INTO psc_tab VALUES (50311, 4);
INSERT INTO psc_tab VALUES (55205, 4);
INSERT INTO psc_tab VALUES (50321, 4);
INSERT INTO psc_tab VALUES (33025, 9);
INSERT INTO psc_tab VALUES (37364, 1);
INSERT INTO psc_tab VALUES (37365, 1);
INSERT INTO psc_tab VALUES (39804, 1);
INSERT INTO psc_tab VALUES (39851, 1);
INSERT INTO psc_tab VALUES (39901, 1);
INSERT INTO psc_tab VALUES (68754, 13);
INSERT INTO psc_tab VALUES (44001, 12);
INSERT INTO psc_tab VALUES (55204, 4);
INSERT INTO psc_tab VALUES (43801, 12);
INSERT INTO psc_tab VALUES (37384, 1);
INSERT INTO psc_tab VALUES (69109, 14);
INSERT INTO psc_tab VALUES (38601, 1);
INSERT INTO psc_tab VALUES (38206, 1);
INSERT INTO psc_tab VALUES (38203, 1);
INSERT INTO psc_tab VALUES (50006, 4);
INSERT INTO psc_tab VALUES (50011, 4);
INSERT INTO psc_tab VALUES (34545, 9);
INSERT INTO psc_tab VALUES (39852, 1);
INSERT INTO psc_tab VALUES (56902, 8);
INSERT INTO psc_tab VALUES (37341, 1);
INSERT INTO psc_tab VALUES (67124, 14);
INSERT INTO psc_tab VALUES (37821, 1);
INSERT INTO psc_tab VALUES (39171, 1);
INSERT INTO psc_tab VALUES (50008, 4);
INSERT INTO psc_tab VALUES (37892, 1);
INSERT INTO psc_tab VALUES (39201, 1);
INSERT INTO psc_tab VALUES (56923, 8);
INSERT INTO psc_tab VALUES (34601, 9);
INSERT INTO psc_tab VALUES (50012, 4);
INSERT INTO psc_tab VALUES (37891, 1);
INSERT INTO psc_tab VALUES (76701, 13);
INSERT INTO psc_tab VALUES (50777, 4);
INSERT INTO psc_tab VALUES (19011, 10);
INSERT INTO psc_tab VALUES (50301, 4);
INSERT INTO psc_tab VALUES (51750, 4);
INSERT INTO psc_tab VALUES (57201, 8);
INSERT INTO psc_tab VALUES (38401, 1);
INSERT INTO psc_tab VALUES (54371, 4);
INSERT INTO psc_tab VALUES (54377, 4);
INSERT INTO psc_tab VALUES (38301, 1);
INSERT INTO psc_tab VALUES (76821, 13);
INSERT INTO psc_tab VALUES (10300, 10);
INSERT INTO psc_tab VALUES (56601, 8);
INSERT INTO psc_tab VALUES (56965, 8);
INSERT INTO psc_tab VALUES (53352, 8);
INSERT INTO psc_tab VALUES (68712, 13);
INSERT INTO psc_tab VALUES (53341, 8);
INSERT INTO psc_tab VALUES (51704, 4);
INSERT INTO psc_tab VALUES (51601, 4);
INSERT INTO psc_tab VALUES (38752, 1);
INSERT INTO psc_tab VALUES (40724, 12);
INSERT INTO psc_tab VALUES (37901, 1);
INSERT INTO psc_tab VALUES (50003, 4);
INSERT INTO psc_tab VALUES (50343, 4);
INSERT INTO psc_tab VALUES (37881, 1);
INSERT INTO psc_tab VALUES (53801, 8);
INSERT INTO psc_tab VALUES (56992, 8);
INSERT INTO psc_tab VALUES (43984, 12);
INSERT INTO psc_tab VALUES (56154, 8);
INSERT INTO psc_tab VALUES (50304, 4);
INSERT INTO psc_tab VALUES (54344, 4);
INSERT INTO psc_tab VALUES (56164, 8);
INSERT INTO psc_tab VALUES (54372, 4);
INSERT INTO psc_tab VALUES (54941, 4);
INSERT INTO psc_tab VALUES (44101, 12);
INSERT INTO psc_tab VALUES (53322, 8);
INSERT INTO psc_tab VALUES (40752, 12);
INSERT INTO psc_tab VALUES (43988, 12);
INSERT INTO psc_tab VALUES (56953, 8);
INSERT INTO psc_tab VALUES (38756, 1);
INSERT INTO psc_tab VALUES (38701, 1);
INSERT INTO psc_tab VALUES (18100, 10);
INSERT INTO psc_tab VALUES (56132, 8);
INSERT INTO psc_tab VALUES (38223, 1);
INSERT INTO psc_tab VALUES (33601, 9);
INSERT INTO psc_tab VALUES (76341, 13);
INSERT INTO psc_tab VALUES (76861, 13);
INSERT INTO psc_tab VALUES (54921, 4);
INSERT INTO psc_tab VALUES (54956, 4);
INSERT INTO psc_tab VALUES (76321, 13);
INSERT INTO psc_tab VALUES (50302, 4);
INSERT INTO psc_tab VALUES (55203, 4);
INSERT INTO psc_tab VALUES (53825, 8);
INSERT INTO psc_tab VALUES (76351, 13);
INSERT INTO psc_tab VALUES (37004, 1);
INSERT INTO psc_tab VALUES (41156, 12);
INSERT INTO psc_tab VALUES (37005, 1);
INSERT INTO psc_tab VALUES (37011, 1);
INSERT INTO psc_tab VALUES (37012, 1);
INSERT INTO psc_tab VALUES (41201, 12);
INSERT INTO psc_tab VALUES (43121, 12);
INSERT INTO psc_tab VALUES (37010, 1);
INSERT INTO psc_tab VALUES (54934, 4);
INSERT INTO psc_tab VALUES (68771, 13);
INSERT INTO psc_tab VALUES (41131, 12);
INSERT INTO psc_tab VALUES (41501, 12);
INSERT INTO psc_tab VALUES (53345, 8);
INSERT INTO psc_tab VALUES (18200, 10);
INSERT INTO psc_tab VALUES (38462, 1);
INSERT INTO psc_tab VALUES (37008, 1);
INSERT INTO psc_tab VALUES (53332, 8);
INSERT INTO psc_tab VALUES (43522, 12);
INSERT INTO psc_tab VALUES (54456, 4);
INSERT INTO psc_tab VALUES (51791, 4);
INSERT INTO psc_tab VALUES (56169, 8);
INSERT INTO psc_tab VALUES (37810, 1);
INSERT INTO psc_tab VALUES (50724, 4);
INSERT INTO psc_tab VALUES (56162, 8);
INSERT INTO psc_tab VALUES (56161, 8);
INSERT INTO psc_tab VALUES (37315, 1);
INSERT INTO psc_tab VALUES (50713, 4);
INSERT INTO psc_tab VALUES (50327, 4);
INSERT INTO psc_tab VALUES (34201, 1);
INSERT INTO psc_tab VALUES (50773, 4);
INSERT INTO psc_tab VALUES (51793, 4);
INSERT INTO psc_tab VALUES (37809, 1);
INSERT INTO psc_tab VALUES (37883, 1);
INSERT INTO psc_tab VALUES (54983, 4);
INSERT INTO psc_tab VALUES (51745, 4);
INSERT INTO psc_tab VALUES (14000, 10);
INSERT INTO psc_tab VALUES (43547, 12);
INSERT INTO psc_tab VALUES (14700, 10);
INSERT INTO psc_tab VALUES (68709, 13);
INSERT INTO psc_tab VALUES (41181, 12);
INSERT INTO psc_tab VALUES (56501, 4);
INSERT INTO psc_tab VALUES (37333, 1);
INSERT INTO psc_tab VALUES (38719, 1);
INSERT INTO psc_tab VALUES (41301, 12);
INSERT INTO psc_tab VALUES (56185, 8);
INSERT INTO psc_tab VALUES (56002, 8);
INSERT INTO psc_tab VALUES (68763, 13);
INSERT INTO psc_tab VALUES (43145, 12);
INSERT INTO psc_tab VALUES (50753, 4);
INSERT INTO psc_tab VALUES (41132, 12);
INSERT INTO psc_tab VALUES (50325, 4);
INSERT INTO psc_tab VALUES (38771, 1);
INSERT INTO psc_tab VALUES (50313, 4);
INSERT INTO psc_tab VALUES (76901, 13);
INSERT INTO psc_tab VALUES (37817, 1);
INSERT INTO psc_tab VALUES (55201, 4);
INSERT INTO psc_tab VALUES (37833, 1);
INSERT INTO psc_tab VALUES (37832, 1);
INSERT INTO psc_tab VALUES (50781, 4);
INSERT INTO psc_tab VALUES (75645, 13);
INSERT INTO psc_tab VALUES (37802, 1);
INSERT INTO psc_tab VALUES (54376, 4);
INSERT INTO psc_tab VALUES (54442, 4);
INSERT INTO psc_tab VALUES (37401, 1);
INSERT INTO psc_tab VALUES (76312, 13);
INSERT INTO psc_tab VALUES (37331, 1);
INSERT INTO psc_tab VALUES (54362, 4);
INSERT INTO psc_tab VALUES (56552, 8);
INSERT INTO psc_tab VALUES (37350, 1);
INSERT INTO psc_tab VALUES (39831, 1);
INSERT INTO psc_tab VALUES (54342, 4);
INSERT INTO psc_tab VALUES (54211, 4);
INSERT INTO psc_tab VALUES (54374, 4);
INSERT INTO psc_tab VALUES (76331, 13);
INSERT INTO psc_tab VALUES (54341, 4);
INSERT INTO psc_tab VALUES (69105, 14);
INSERT INTO psc_tab VALUES (14200, 10);
INSERT INTO psc_tab VALUES (54375, 4);
INSERT INTO psc_tab VALUES (50316, 4);
INSERT INTO psc_tab VALUES (76334, 13);
INSERT INTO psc_tab VALUES (39161, 1);
INSERT INTO psc_tab VALUES (37861, 1);
INSERT INTO psc_tab VALUES (56114, 8);
INSERT INTO psc_tab VALUES (56401, 8);
INSERT INTO psc_tab VALUES (56956, 8);
INSERT INTO psc_tab VALUES (56957, 8);
INSERT INTO psc_tab VALUES (54911, 4);
INSERT INTO psc_tab VALUES (54451, 4);
INSERT INTO psc_tab VALUES (39807, 1);
INSERT INTO psc_tab VALUES (56123, 8);
INSERT INTO psc_tab VALUES (16900, 10);
INSERT INTO psc_tab VALUES (53303, 8);
INSERT INTO psc_tab VALUES (51742, 4);
INSERT INTO psc_tab VALUES (34815, 9);
INSERT INTO psc_tab VALUES (34802, 9);
INSERT INTO psc_tab VALUES (54225, 4);
INSERT INTO psc_tab VALUES (39835, 1);
INSERT INTO psc_tab VALUES (54455, 4);
INSERT INTO psc_tab VALUES (41118, 12);
INSERT INTO psc_tab VALUES (16200, 10);
INSERT INTO psc_tab VALUES (76823, 13);
INSERT INTO psc_tab VALUES (39833, 1);
INSERT INTO psc_tab VALUES (53901, 8);
INSERT INTO psc_tab VALUES (37873, 1);
INSERT INTO psc_tab VALUES (55102, 4);
INSERT INTO psc_tab VALUES (54404, 4);
INSERT INTO psc_tab VALUES (40729, 12);
INSERT INTO psc_tab VALUES (37825, 1);
INSERT INTO psc_tab VALUES (54466, 4);
INSERT INTO psc_tab VALUES (39127, 1);
INSERT INTO psc_tab VALUES (66411, 14);
INSERT INTO psc_tab VALUES (68708, 13);
INSERT INTO psc_tab VALUES (56117, 8);
INSERT INTO psc_tab VALUES (34801, 9);
INSERT INTO psc_tab VALUES (54233, 4);
INSERT INTO psc_tab VALUES (37348, 1);
INSERT INTO psc_tab VALUES (40323, 12);
INSERT INTO psc_tab VALUES (55212, 4);
INSERT INTO psc_tab VALUES (41761, 12);
INSERT INTO psc_tab VALUES (55222, 4);
INSERT INTO psc_tab VALUES (39155, 1);
INSERT INTO psc_tab VALUES (37872, 1);
INSERT INTO psc_tab VALUES (54443, 4);
INSERT INTO psc_tab VALUES (76001, 13);
INSERT INTO psc_tab VALUES (68713, 13);
INSERT INTO psc_tab VALUES (54984, 4);
INSERT INTO psc_tab VALUES (51711, 4);
INSERT INTO psc_tab VALUES (37316, 1);
INSERT INTO psc_tab VALUES (50356, 4);
INSERT INTO psc_tab VALUES (68767, 13);
INSERT INTO psc_tab VALUES (56153, 8);
INSERT INTO psc_tab VALUES (76315, 13);
INSERT INTO psc_tab VALUES (56102, 8);
INSERT INTO psc_tab VALUES (40334, 12);
INSERT INTO psc_tab VALUES (37818, 1);
INSERT INTO psc_tab VALUES (56101, 8);
INSERT INTO psc_tab VALUES (56201, 8);
INSERT INTO psc_tab VALUES (76345, 13);
INSERT INTO psc_tab VALUES (37346, 1);
INSERT INTO psc_tab VALUES (16000, 10);
INSERT INTO psc_tab VALUES (38272, 1);
INSERT INTO psc_tab VALUES (17000, 10);
INSERT INTO psc_tab VALUES (53371, 8);
INSERT INTO psc_tab VALUES (19600, 10);
INSERT INTO psc_tab VALUES (40778, 12);
INSERT INTO psc_tab VALUES (39102, 1);
INSERT INTO psc_tab VALUES (39111, 1);
INSERT INTO psc_tab VALUES (76841, 13);
INSERT INTO psc_tab VALUES (53375, 8);
INSERT INTO psc_tab VALUES (56961, 8);
INSERT INTO psc_tab VALUES (66904, 14);
INSERT INTO psc_tab VALUES (19800, 10);
INSERT INTO psc_tab VALUES (53701, 8);
INSERT INTO psc_tab VALUES (53305, 8);
INSERT INTO psc_tab VALUES (43902, 12);
INSERT INTO psc_tab VALUES (73543, 6);
INSERT INTO psc_tab VALUES (68755, 13);
INSERT INTO psc_tab VALUES (74255, 6);
INSERT INTO psc_tab VALUES (37824, 1);
INSERT INTO psc_tab VALUES (75624, 13);
INSERT INTO psc_tab VALUES (43901, 12);
INSERT INTO psc_tab VALUES (76802, 13);
INSERT INTO psc_tab VALUES (41002, 12);
INSERT INTO psc_tab VALUES (33561, 9);
INSERT INTO psc_tab VALUES (40725, 12);
INSERT INTO psc_tab VALUES (40721, 12);
INSERT INTO psc_tab VALUES (50731, 4);
INSERT INTO psc_tab VALUES (79331, 6);
INSERT INTO psc_tab VALUES (38232, 1);
INSERT INTO psc_tab VALUES (50733, 4);
INSERT INTO psc_tab VALUES (38201, 1);
INSERT INTO psc_tab VALUES (38283, 1);
INSERT INTO psc_tab VALUES (53803, 8);
INSERT INTO psc_tab VALUES (51772, 4);
INSERT INTO psc_tab VALUES (34506, 9);
INSERT INTO psc_tab VALUES (54213, 4);
INSERT INTO psc_tab VALUES (69632, 14);
INSERT INTO psc_tab VALUES (79847, 7);
INSERT INTO psc_tab VALUES (53315, 8);
INSERT INTO psc_tab VALUES (50366, 4);
INSERT INTO psc_tab VALUES (53316, 8);
INSERT INTO psc_tab VALUES (37855, 1);
INSERT INTO psc_tab VALUES (40780, 12);
INSERT INTO psc_tab VALUES (76307, 13);
INSERT INTO psc_tab VALUES (38735, 1);
INSERT INTO psc_tab VALUES (75655, 13);
INSERT INTO psc_tab VALUES (53962, 8);
INSERT INTO psc_tab VALUES (43154, 12);
INSERT INTO psc_tab VALUES (75661, 13);
INSERT INTO psc_tab VALUES (54464, 4);
INSERT INTO psc_tab VALUES (43601, 12);
INSERT INTO psc_tab VALUES (53973, 8);
INSERT INTO psc_tab VALUES (76326, 13);
INSERT INTO psc_tab VALUES (41112, 12);
INSERT INTO psc_tab VALUES (50705, 4);
INSERT INTO psc_tab VALUES (43915, 12);
INSERT INTO psc_tab VALUES (41115, 12);
INSERT INTO psc_tab VALUES (53971, 8);
INSERT INTO psc_tab VALUES (67952, 14);
INSERT INTO psc_tab VALUES (41114, 12);
INSERT INTO psc_tab VALUES (76323, 13);
INSERT INTO psc_tab VALUES (38473, 1);
INSERT INTO psc_tab VALUES (50365, 4);
INSERT INTO psc_tab VALUES (68762, 13);
INSERT INTO psc_tab VALUES (74254, 6);
INSERT INTO psc_tab VALUES (40711, 12);
INSERT INTO psc_tab VALUES (76325, 13);
INSERT INTO psc_tab VALUES (41164, 12);
INSERT INTO psc_tab VALUES (40505, 12);
INSERT INTO psc_tab VALUES (41121, 12);
INSERT INTO psc_tab VALUES (43906, 12);
INSERT INTO psc_tab VALUES (51792, 4);
INSERT INTO psc_tab VALUES (69647, 14);
INSERT INTO psc_tab VALUES (34101, 9);
INSERT INTO psc_tab VALUES (33152, 9);
INSERT INTO psc_tab VALUES (68733, 13);
INSERT INTO psc_tab VALUES (76319, 13);
INSERT INTO psc_tab VALUES (50703, 4);
INSERT INTO psc_tab VALUES (76833, 13);
INSERT INTO psc_tab VALUES (53953, 8);
INSERT INTO psc_tab VALUES (75614, 13);
INSERT INTO psc_tab VALUES (43982, 12);
INSERT INTO psc_tab VALUES (43115, 12);
INSERT INTO psc_tab VALUES (54203, 4);
INSERT INTO psc_tab VALUES (46843, 5);
INSERT INTO psc_tab VALUES (33452, 9);
INSERT INTO psc_tab VALUES (46812, 5);
INSERT INTO psc_tab VALUES (37351, 1);
INSERT INTO psc_tab VALUES (50324, 4);
INSERT INTO psc_tab VALUES (51401, 5);
INSERT INTO psc_tab VALUES (51237, 5);
INSERT INTO psc_tab VALUES (34562, 9);
INSERT INTO psc_tab VALUES (56156, 8);
INSERT INTO psc_tab VALUES (43183, 12);
INSERT INTO psc_tab VALUES (75612, 13);
INSERT INTO psc_tab VALUES (74213, 6);
INSERT INTO psc_tab VALUES (56133, 8);
INSERT INTO psc_tab VALUES (54361, 4);
INSERT INTO psc_tab VALUES (38425, 1);
INSERT INTO psc_tab VALUES (51702, 4);
INSERT INTO psc_tab VALUES (76316, 13);
INSERT INTO psc_tab VALUES (54201, 4);
INSERT INTO psc_tab VALUES (53374, 8);
INSERT INTO psc_tab VALUES (73901, 6);
INSERT INTO psc_tab VALUES (54352, 4);
INSERT INTO psc_tab VALUES (34952, 9);
INSERT INTO psc_tab VALUES (43159, 12);
INSERT INTO psc_tab VALUES (18400, 10);
INSERT INTO psc_tab VALUES (33808, 9);
INSERT INTO psc_tab VALUES (41771, 12);
INSERT INTO psc_tab VALUES (37808, 1);
INSERT INTO psc_tab VALUES (51206, 5);
INSERT INTO psc_tab VALUES (47201, 5);
INSERT INTO psc_tab VALUES (56901, 8);
INSERT INTO psc_tab VALUES (38273, 1);
INSERT INTO psc_tab VALUES (38279, 1);
INSERT INTO psc_tab VALUES (46343, 5);
INSERT INTO psc_tab VALUES (46342, 5);
INSERT INTO psc_tab VALUES (34701, 9);
INSERT INTO psc_tab VALUES (75603, 13);
INSERT INTO psc_tab VALUES (76363, 13);
INSERT INTO psc_tab VALUES (76324, 13);
INSERT INTO psc_tab VALUES (53854, 8);
INSERT INTO psc_tab VALUES (37806, 1);
INSERT INTO psc_tab VALUES (56555, 8);
INSERT INTO psc_tab VALUES (34142, 9);
INSERT INTO psc_tab VALUES (39120, 1);
INSERT INTO psc_tab VALUES (68725, 13);
INSERT INTO psc_tab VALUES (74723, 6);
INSERT INTO psc_tab VALUES (74101, 6);
INSERT INTO psc_tab VALUES (73915, 6);
INSERT INTO psc_tab VALUES (79368, 6);
INSERT INTO psc_tab VALUES (46331, 5);
INSERT INTO psc_tab VALUES (41763, 12);
INSERT INTO psc_tab VALUES (53361, 8);
INSERT INTO psc_tab VALUES (74301, 6);
INSERT INTO psc_tab VALUES (76813, 13);
INSERT INTO psc_tab VALUES (46362, 5);
INSERT INTO psc_tab VALUES (56942, 8);
INSERT INTO psc_tab VALUES (50322, 4);
INSERT INTO psc_tab VALUES (53304, 8);
INSERT INTO psc_tab VALUES (39173, 1);
INSERT INTO psc_tab VALUES (38731, 1);
INSERT INTO psc_tab VALUES (75657, 13);
INSERT INTO psc_tab VALUES (51712, 4);
INSERT INTO psc_tab VALUES (16400, 10);
INSERT INTO psc_tab VALUES (68764, 13);
INSERT INTO psc_tab VALUES (68741, 13);
INSERT INTO psc_tab VALUES (51703, 4);
INSERT INTO psc_tab VALUES (47104, 5);
INSERT INTO psc_tab VALUES (37343, 1);
INSERT INTO psc_tab VALUES (37807, 1);
INSERT INTO psc_tab VALUES (47002, 5);
INSERT INTO psc_tab VALUES (53863, 8);
INSERT INTO psc_tab VALUES (33033, 9);
INSERT INTO psc_tab VALUES (54236, 4);
INSERT INTO psc_tab VALUES (34561, 9);
INSERT INTO psc_tab VALUES (74292, 6);
INSERT INTO psc_tab VALUES (51213, 5);
INSERT INTO psc_tab VALUES (41141, 12);
INSERT INTO psc_tab VALUES (50744, 4);
INSERT INTO psc_tab VALUES (39142, 1);
INSERT INTO psc_tab VALUES (51301, 5);
INSERT INTO psc_tab VALUES (39822, 1);
INSERT INTO psc_tab VALUES (76301, 13);
INSERT INTO psc_tab VALUES (38293, 1);
INSERT INTO psc_tab VALUES (47129, 5);
INSERT INTO psc_tab VALUES (40703, 12);
INSERT INTO psc_tab VALUES (50743, 4);
INSERT INTO psc_tab VALUES (53703, 8);
INSERT INTO psc_tab VALUES (53705, 8);
INSERT INTO psc_tab VALUES (37831, 1);
INSERT INTO psc_tab VALUES (37846, 1);
INSERT INTO psc_tab VALUES (38451, 1);
INSERT INTO psc_tab VALUES (76502, 13);
INSERT INTO psc_tab VALUES (75622, 13);
INSERT INTO psc_tab VALUES (53821, 8);
INSERT INTO psc_tab VALUES (50344, 4);
INSERT INTO psc_tab VALUES (40741, 12);
INSERT INTO psc_tab VALUES (38218, 1);
INSERT INTO psc_tab VALUES (50715, 4);
INSERT INTO psc_tab VALUES (53831, 8);
INSERT INTO psc_tab VALUES (51735, 4);
INSERT INTO psc_tab VALUES (37843, 1);
INSERT INTO psc_tab VALUES (38292, 1);
INSERT INTO psc_tab VALUES (67904, 14);
INSERT INTO psc_tab VALUES (69633, 14);
INSERT INTO psc_tab VALUES (41182, 12);
INSERT INTO psc_tab VALUES (53312, 8);
INSERT INTO psc_tab VALUES (66401, 14);
INSERT INTO psc_tab VALUES (37335, 1);
INSERT INTO psc_tab VALUES (66484, 14);
INSERT INTO psc_tab VALUES (40755, 12);
INSERT INTO psc_tab VALUES (67161, 14);
INSERT INTO psc_tab VALUES (37324, 1);
INSERT INTO psc_tab VALUES (56165, 8);
INSERT INTO psc_tab VALUES (69201, 14);
INSERT INTO psc_tab VALUES (40782, 12);
INSERT INTO psc_tab VALUES (40747, 12);
INSERT INTO psc_tab VALUES (67971, 14);
INSERT INTO psc_tab VALUES (67139, 14);
INSERT INTO psc_tab VALUES (50361, 4);
INSERT INTO psc_tab VALUES (56955, 8);
INSERT INTO psc_tab VALUES (67140, 14);
INSERT INTO psc_tab VALUES (37336, 1);
INSERT INTO psc_tab VALUES (40301, 12);
INSERT INTO psc_tab VALUES (51603, 4);
INSERT INTO psc_tab VALUES (43151, 12);
INSERT INTO psc_tab VALUES (56944, 8);
INSERT INTO psc_tab VALUES (75601, 13);
INSERT INTO psc_tab VALUES (37347, 1);
INSERT INTO psc_tab VALUES (50706, 4);
INSERT INTO psc_tab VALUES (50362, 4);
INSERT INTO psc_tab VALUES (38491, 1);
INSERT INTO psc_tab VALUES (43201, 12);
INSERT INTO psc_tab VALUES (54963, 4);
INSERT INTO psc_tab VALUES (56966, 8);
INSERT INTO psc_tab VALUES (67923, 14);
INSERT INTO psc_tab VALUES (39806, 1);
INSERT INTO psc_tab VALUES (38222, 1);
INSERT INTO psc_tab VALUES (38732, 1);
INSERT INTO psc_tab VALUES (43968, 12);
INSERT INTO psc_tab VALUES (34958, 9);
INSERT INTO psc_tab VALUES (54227, 4);
INSERT INTO psc_tab VALUES (54221, 4);
INSERT INTO psc_tab VALUES (38716, 1);
INSERT INTO psc_tab VALUES (39156, 1);
INSERT INTO psc_tab VALUES (39101, 1);
INSERT INTO psc_tab VALUES (56991, 8);
INSERT INTO psc_tab VALUES (67953, 14);
INSERT INTO psc_tab VALUES (41145, 12);
INSERT INTO psc_tab VALUES (66902, 14);
INSERT INTO psc_tab VALUES (10200, 10);
INSERT INTO psc_tab VALUES (43144, 12);
INSERT INTO psc_tab VALUES (41701, 12);
INSERT INTO psc_tab VALUES (53864, 8);
INSERT INTO psc_tab VALUES (50742, 4);
INSERT INTO psc_tab VALUES (38775, 1);
INSERT INTO psc_tab VALUES (41702, 12);
INSERT INTO psc_tab VALUES (66491, 14);
INSERT INTO psc_tab VALUES (67110, 14);
INSERT INTO psc_tab VALUES (41703, 12);
INSERT INTO psc_tab VALUES (67107, 14);
INSERT INTO psc_tab VALUES (67154, 14);
INSERT INTO psc_tab VALUES (67801, 14);
INSERT INTO psc_tab VALUES (39847, 1);
INSERT INTO psc_tab VALUES (46401, 5);
INSERT INTO psc_tab VALUES (37361, 1);
INSERT INTO psc_tab VALUES (54973, 4);
INSERT INTO psc_tab VALUES (67902, 14);
INSERT INTO psc_tab VALUES (39859, 1);
INSERT INTO psc_tab VALUES (10700, 10);
INSERT INTO psc_tab VALUES (53941, 8);
INSERT INTO psc_tab VALUES (10900, 10);
INSERT INTO psc_tab VALUES (50364, 4);
INSERT INTO psc_tab VALUES (41901, 12);
INSERT INTO psc_tab VALUES (39176, 1);
INSERT INTO psc_tab VALUES (19012, 10);
INSERT INTO psc_tab VALUES (38421, 1);
INSERT INTO psc_tab VALUES (54923, 4);
INSERT INTO psc_tab VALUES (67903, 14);
INSERT INTO psc_tab VALUES (37372, 1);
INSERT INTO psc_tab VALUES (54981, 4);
INSERT INTO psc_tab VALUES (37321, 1);
INSERT INTO psc_tab VALUES (37804, 1);
INSERT INTO psc_tab VALUES (46348, 5);
INSERT INTO psc_tab VALUES (40723, 12);
INSERT INTO psc_tab VALUES (76824, 13);
INSERT INTO psc_tab VALUES (40002, 12);
INSERT INTO psc_tab VALUES (41722, 12);
INSERT INTO psc_tab VALUES (46352, 5);
INSERT INTO psc_tab VALUES (43501, 12);
INSERT INTO psc_tab VALUES (53314, 8);
INSERT INTO psc_tab VALUES (54223, 4);
INSERT INTO psc_tab VALUES (73991, 6);
INSERT INTO psc_tab VALUES (54224, 4);
INSERT INTO psc_tab VALUES (39137, 1);
INSERT INTO psc_tab VALUES (69671, 14);
INSERT INTO psc_tab VALUES (73531, 6);
INSERT INTO psc_tab VALUES (66408, 14);
INSERT INTO psc_tab VALUES (67155, 14);
INSERT INTO psc_tab VALUES (56182, 8);
INSERT INTO psc_tab VALUES (39152, 1);
INSERT INTO psc_tab VALUES (50745, 4);
INSERT INTO psc_tab VALUES (67156, 14);
INSERT INTO psc_tab VALUES (66456, 14);
INSERT INTO psc_tab VALUES (68501, 14);
INSERT INTO psc_tab VALUES (68341, 14);
INSERT INTO psc_tab VALUES (37362, 1);
INSERT INTO psc_tab VALUES (39118, 1);
INSERT INTO psc_tab VALUES (50758, 4);
INSERT INTO psc_tab VALUES (75602, 13);
INSERT INTO psc_tab VALUES (47154, 5);
INSERT INTO psc_tab VALUES (67176, 14);
INSERT INTO psc_tab VALUES (37304, 1);
INSERT INTO psc_tab VALUES (56911, 8);
INSERT INTO psc_tab VALUES (53861, 8);
INSERT INTO psc_tab VALUES (67153, 14);
INSERT INTO psc_tab VALUES (69112, 14);
INSERT INTO psc_tab VALUES (59261, 14);
INSERT INTO psc_tab VALUES (38404, 1);
INSERT INTO psc_tab VALUES (33036, 9);
INSERT INTO psc_tab VALUES (56993, 8);
INSERT INTO psc_tab VALUES (69175, 14);
INSERT INTO psc_tab VALUES (67178, 14);
INSERT INTO psc_tab VALUES (67937, 14);
INSERT INTO psc_tab VALUES (59451, 14);
INSERT INTO psc_tab VALUES (69108, 14);
INSERT INTO psc_tab VALUES (67921, 14);
INSERT INTO psc_tab VALUES (39162, 1);
INSERT INTO psc_tab VALUES (38208, 1);
INSERT INTO psc_tab VALUES (43546, 12);
INSERT INTO psc_tab VALUES (54907, 4);
INSERT INTO psc_tab VALUES (68001, 14);
INSERT INTO psc_tab VALUES (73551, 6);
INSERT INTO psc_tab VALUES (43182, 12);
INSERT INTO psc_tab VALUES (47158, 5);
INSERT INTO psc_tab VALUES (41185, 12);
INSERT INTO psc_tab VALUES (67901, 14);
INSERT INTO psc_tab VALUES (43543, 12);
INSERT INTO psc_tab VALUES (37871, 1);
INSERT INTO psc_tab VALUES (47156, 5);
INSERT INTO psc_tab VALUES (47301, 5);
INSERT INTO psc_tab VALUES (68354, 14);
INSERT INTO psc_tab VALUES (39853, 1);
INSERT INTO psc_tab VALUES (50312, 4);
INSERT INTO psc_tab VALUES (67164, 14);
INSERT INTO psc_tab VALUES (40757, 12);
INSERT INTO psc_tab VALUES (66471, 14);
INSERT INTO psc_tab VALUES (67177, 14);
INSERT INTO psc_tab VALUES (37882, 1);
INSERT INTO psc_tab VALUES (68333, 14);
INSERT INTO psc_tab VALUES (53943, 8);
INSERT INTO psc_tab VALUES (66467, 14);
INSERT INTO psc_tab VALUES (41752, 12);
INSERT INTO psc_tab VALUES (41172, 12);
INSERT INTO psc_tab VALUES (38444, 1);
INSERT INTO psc_tab VALUES (54461, 4);
INSERT INTO psc_tab VALUES (56922, 8);
INSERT INTO psc_tab VALUES (61900, 14);
INSERT INTO psc_tab VALUES (62500, 14);
INSERT INTO psc_tab VALUES (63900, 14);
INSERT INTO psc_tab VALUES (56924, 8);
INSERT INTO psc_tab VALUES (37841, 1);
INSERT INTO psc_tab VALUES (41704, 12);
INSERT INTO psc_tab VALUES (64200, 14);
INSERT INTO psc_tab VALUES (50363, 4);
INSERT INTO psc_tab VALUES (61700, 14);
INSERT INTO psc_tab VALUES (62000, 14);
INSERT INTO psc_tab VALUES (50901, 4);
INSERT INTO psc_tab VALUES (41183, 12);
INSERT INTO psc_tab VALUES (39848, 1);
INSERT INTO psc_tab VALUES (33011, 9);
INSERT INTO psc_tab VALUES (50791, 4);
INSERT INTO psc_tab VALUES (41804, 12);
INSERT INTO psc_tab VALUES (56181, 8);
INSERT INTO psc_tab VALUES (41757, 12);
INSERT INTO psc_tab VALUES (37856, 1);
INSERT INTO psc_tab VALUES (34532, 9);
INSERT INTO psc_tab VALUES (46373, 5);
INSERT INTO psc_tab VALUES (28126, 8);
INSERT INTO psc_tab VALUES (38443, 1);
INSERT INTO psc_tab VALUES (73581, 6);
INSERT INTO psc_tab VALUES (75662, 13);
INSERT INTO psc_tab VALUES (47001, 5);
INSERT INTO psc_tab VALUES (63500, 14);
INSERT INTO psc_tab VALUES (67531, 3);
INSERT INTO psc_tab VALUES (43143, 12);
INSERT INTO psc_tab VALUES (61800, 14);
INSERT INTO psc_tab VALUES (62700, 14);
INSERT INTO psc_tab VALUES (40717, 12);
INSERT INTO psc_tab VALUES (47006, 5);
INSERT INTO psc_tab VALUES (47121, 5);
INSERT INTO psc_tab VALUES (38426, 1);
INSERT INTO psc_tab VALUES (43904, 12);
INSERT INTO psc_tab VALUES (78815, 7);
INSERT INTO psc_tab VALUES (43965, 12);
INSERT INTO psc_tab VALUES (76311, 13);
INSERT INTO psc_tab VALUES (14900, 10);
INSERT INTO psc_tab VALUES (75642, 13);
INSERT INTO psc_tab VALUES (38715, 1);
INSERT INTO psc_tab VALUES (61300, 14);
INSERT INTO psc_tab VALUES (54922, 4);
INSERT INTO psc_tab VALUES (39132, 1);
INSERT INTO psc_tab VALUES (56151, 8);
INSERT INTO psc_tab VALUES (61400, 14);
INSERT INTO psc_tab VALUES (63800, 14);
INSERT INTO psc_tab VALUES (40317, 12);
INSERT INTO psc_tab VALUES (47111, 5);
INSERT INTO psc_tab VALUES (38242, 1);
INSERT INTO psc_tab VALUES (64300, 14);
INSERT INTO psc_tab VALUES (56116, 8);
INSERT INTO psc_tab VALUES (43157, 12);
INSERT INTO psc_tab VALUES (66442, 14);
INSERT INTO psc_tab VALUES (51784, 4);
INSERT INTO psc_tab VALUES (62100, 14);
INSERT INTO psc_tab VALUES (76811, 13);
INSERT INTO psc_tab VALUES (50354, 4);
INSERT INTO psc_tab VALUES (66434, 14);
INSERT INTO psc_tab VALUES (10400, 10);
INSERT INTO psc_tab VALUES (62300, 14);
INSERT INTO psc_tab VALUES (51736, 4);
INSERT INTO psc_tab VALUES (51783, 4);
INSERT INTO psc_tab VALUES (51773, 4);
INSERT INTO psc_tab VALUES (60200, 14);
INSERT INTO psc_tab VALUES (53823, 8);
INSERT INTO psc_tab VALUES (43903, 12);
INSERT INTO psc_tab VALUES (78804, 7);
INSERT INTO psc_tab VALUES (56168, 8);
INSERT INTO psc_tab VALUES (40010, 12);
INSERT INTO psc_tab VALUES (53364, 8);
INSERT INTO psc_tab VALUES (39172, 1);
INSERT INTO psc_tab VALUES (38733, 1);
INSERT INTO psc_tab VALUES (39136, 1);
INSERT INTO psc_tab VALUES (40339, 12);
INSERT INTO psc_tab VALUES (76872, 13);
INSERT INTO psc_tab VALUES (29404, 4);
INSERT INTO psc_tab VALUES (38221, 1);
INSERT INTO psc_tab VALUES (50326, 4);
INSERT INTO psc_tab VALUES (61600, 14);
INSERT INTO psc_tab VALUES (62400, 14);
INSERT INTO psc_tab VALUES (56184, 8);
INSERT INTO psc_tab VALUES (41171, 12);
INSERT INTO psc_tab VALUES (33209, 9);
INSERT INTO psc_tab VALUES (50752, 4);
INSERT INTO psc_tab VALUES (33501, 9);
INSERT INTO psc_tab VALUES (61200, 14);
INSERT INTO psc_tab VALUES (54972, 4);
INSERT INTO psc_tab VALUES (56967, 8);
INSERT INTO psc_tab VALUES (43003, 12);
INSERT INTO psc_tab VALUES (50782, 4);
INSERT INTO psc_tab VALUES (37323, 1);
INSERT INTO psc_tab VALUES (43004, 12);
INSERT INTO psc_tab VALUES (38216, 1);
INSERT INTO psc_tab VALUES (33564, 9);
INSERT INTO psc_tab VALUES (37381, 1);
INSERT INTO psc_tab VALUES (33563, 9);
INSERT INTO psc_tab VALUES (76805, 13);
INSERT INTO psc_tab VALUES (19000, 10);
INSERT INTO psc_tab VALUES (62800, 14);
INSERT INTO psc_tab VALUES (43922, 12);
INSERT INTO psc_tab VALUES (51757, 4);
INSERT INTO psc_tab VALUES (63600, 14);
INSERT INTO psc_tab VALUES (75623, 13);
INSERT INTO psc_tab VALUES (50355, 4);
INSERT INTO psc_tab VALUES (56963, 8);
INSERT INTO psc_tab VALUES (54242, 4);
INSERT INTO psc_tab VALUES (68705, 13);
INSERT INTO psc_tab VALUES (40744, 12);
INSERT INTO psc_tab VALUES (27743, 11);
INSERT INTO psc_tab VALUES (68704, 13);
INSERT INTO psc_tab VALUES (75501, 13);
INSERT INTO psc_tab VALUES (51803, 4);
INSERT INTO psc_tab VALUES (50754, 4);
INSERT INTO psc_tab VALUES (64400, 14);
INSERT INTO psc_tab VALUES (34022, 9);
INSERT INTO psc_tab VALUES (38751, 1);
INSERT INTO psc_tab VALUES (63700, 14);
INSERT INTO psc_tab VALUES (38711, 1);
INSERT INTO psc_tab VALUES (73552, 6);
INSERT INTO psc_tab VALUES (39821, 1);
INSERT INTO psc_tab VALUES (75701, 13);
INSERT INTO psc_tab VALUES (76801, 13);
INSERT INTO psc_tab VALUES (15000, 10);
INSERT INTO psc_tab VALUES (38471, 1);
INSERT INTO psc_tab VALUES (76313, 13);
INSERT INTO psc_tab VALUES (76333, 13);
INSERT INTO psc_tab VALUES (39819, 1);
INSERT INTO psc_tab VALUES (39001, 1);
INSERT INTO psc_tab VALUES (51235, 5);
INSERT INTO psc_tab VALUES (46345, 5);
INSERT INTO psc_tab VALUES (41724, 12);
INSERT INTO psc_tab VALUES (37314, 1);
INSERT INTO psc_tab VALUES (15200, 10);
INSERT INTO psc_tab VALUES (39003, 1);
INSERT INTO psc_tab VALUES (40716, 12);
INSERT INTO psc_tab VALUES (60300, 14);
INSERT INTO psc_tab VALUES (39858, 1);
INSERT INTO psc_tab VALUES (46802, 5);
INSERT INTO psc_tab VALUES (51743, 4);
INSERT INTO psc_tab VALUES (46861, 5);
INSERT INTO psc_tab VALUES (46841, 5);
INSERT INTO psc_tab VALUES (40701, 12);
INSERT INTO psc_tab VALUES (50333, 4);
INSERT INTO psc_tab VALUES (39002, 1);
INSERT INTO psc_tab VALUES (39117, 1);
INSERT INTO psc_tab VALUES (39005, 1);
INSERT INTO psc_tab VALUES (76302, 13);
INSERT INTO psc_tab VALUES (15400, 10);
INSERT INTO psc_tab VALUES (75605, 13);
INSERT INTO psc_tab VALUES (40702, 12);
INSERT INTO psc_tab VALUES (39855, 1);
INSERT INTO psc_tab VALUES (54373, 4);
INSERT INTO psc_tab VALUES (56941, 8);
INSERT INTO psc_tab VALUES (54908, 4);
INSERT INTO psc_tab VALUES (39815, 1);
INSERT INTO psc_tab VALUES (46312, 5);
INSERT INTO psc_tab VALUES (78971, 7);
INSERT INTO psc_tab VALUES (75621, 13);
INSERT INTO psc_tab VALUES (37301, 1);
INSERT INTO psc_tab VALUES (43111, 12);
INSERT INTO psc_tab VALUES (75643, 13);
INSERT INTO psc_tab VALUES (75301, 7);
INSERT INTO psc_tab VALUES (51732, 4);
INSERT INTO psc_tab VALUES (47163, 5);
INSERT INTO psc_tab VALUES (75111, 7);
INSERT INTO psc_tab VALUES (40801, 12);
INSERT INTO psc_tab VALUES (40756, 12);
INSERT INTO psc_tab VALUES (61500, 14);
INSERT INTO psc_tab VALUES (58821, 3);
INSERT INTO psc_tab VALUES (40753, 12);
INSERT INTO psc_tab VALUES (50712, 4);
INSERT INTO psc_tab VALUES (46824, 5);
INSERT INTO psc_tab VALUES (79084, 7);
INSERT INTO psc_tab VALUES (54212, 4);
INSERT INTO psc_tab VALUES (64100, 14);
INSERT INTO psc_tab VALUES (55221, 4);
INSERT INTO psc_tab VALUES (19300, 10);
INSERT INTO psc_tab VALUES (53955, 8);
INSERT INTO psc_tab VALUES (76871, 13);
INSERT INTO psc_tab VALUES (76361, 13);
INSERT INTO psc_tab VALUES (47141, 5);
INSERT INTO psc_tab VALUES (33443, 9);
INSERT INTO psc_tab VALUES (59232, 3);
INSERT INTO psc_tab VALUES (33441, 9);
INSERT INTO psc_tab VALUES (32100, 9);
INSERT INTO psc_tab VALUES (59231, 3);
INSERT INTO psc_tab VALUES (38737, 1);
INSERT INTO psc_tab VALUES (43132, 12);
INSERT INTO psc_tab VALUES (56935, 8);
INSERT INTO psc_tab VALUES (33151, 9);
INSERT INTO psc_tab VALUES (56167, 8);
INSERT INTO psc_tab VALUES (33005, 9);
INSERT INTO psc_tab VALUES (40713, 12);
INSERT INTO psc_tab VALUES (33844, 9);
INSERT INTO psc_tab VALUES (33701, 9);
INSERT INTO psc_tab VALUES (38403, 1);
INSERT INTO psc_tab VALUES (74719, 6);
INSERT INTO psc_tab VALUES (51755, 4);
INSERT INTO psc_tab VALUES (41116, 12);
INSERT INTO psc_tab VALUES (79399, 6);
INSERT INTO psc_tab VALUES (75361, 7);
INSERT INTO psc_tab VALUES (68752, 13);
INSERT INTO psc_tab VALUES (39126, 1);
INSERT INTO psc_tab VALUES (11800, 10);
INSERT INTO psc_tab VALUES (39834, 1);
INSERT INTO psc_tab VALUES (39121, 1);
INSERT INTO psc_tab VALUES (37862, 1);
INSERT INTO psc_tab VALUES (79397, 6);
INSERT INTO psc_tab VALUES (47126, 5);
INSERT INTO psc_tab VALUES (11900, 10);
INSERT INTO psc_tab VALUES (68601, 13);
INSERT INTO psc_tab VALUES (76843, 13);
INSERT INTO psc_tab VALUES (55225, 4);
INSERT INTO psc_tab VALUES (53802, 8);
INSERT INTO psc_tab VALUES (74401, 6);
INSERT INTO psc_tab VALUES (46822, 5);
INSERT INTO psc_tab VALUES (74741, 6);
INSERT INTO psc_tab VALUES (38493, 1);
INSERT INTO psc_tab VALUES (79393, 6);
INSERT INTO psc_tab VALUES (37801, 1);
INSERT INTO psc_tab VALUES (56951, 8);
INSERT INTO psc_tab VALUES (79401, 6);
INSERT INTO psc_tab VALUES (38432, 1);
INSERT INTO psc_tab VALUES (33444, 9);
INSERT INTO psc_tab VALUES (37311, 1);
INSERT INTO psc_tab VALUES (74752, 6);
INSERT INTO psc_tab VALUES (53372, 8);
INSERT INTO psc_tab VALUES (41754, 12);
INSERT INTO psc_tab VALUES (74281, 6);
INSERT INTO psc_tab VALUES (41723, 12);
INSERT INTO psc_tab VALUES (56921, 8);
INSERT INTO psc_tab VALUES (74771, 6);
INSERT INTO psc_tab VALUES (43921, 12);
INSERT INTO psc_tab VALUES (14100, 10);
INSERT INTO psc_tab VALUES (38442, 1);
INSERT INTO psc_tab VALUES (14800, 10);
INSERT INTO psc_tab VALUES (38486, 1);
INSERT INTO psc_tab VALUES (43186, 12);
INSERT INTO psc_tab VALUES (41187, 12);
INSERT INTO psc_tab VALUES (50352, 4);
INSERT INTO psc_tab VALUES (76601, 13);
INSERT INTO psc_tab VALUES (14300, 10);
INSERT INTO psc_tab VALUES (47128, 5);
INSERT INTO psc_tab VALUES (79201, 6);
INSERT INTO psc_tab VALUES (38402, 1);
INSERT INTO psc_tab VALUES (68604, 13);
INSERT INTO psc_tab VALUES (40746, 12);
INSERT INTO psc_tab VALUES (51246, 5);
INSERT INTO psc_tab VALUES (75644, 13);
INSERT INTO psc_tab VALUES (63400, 14);
INSERT INTO psc_tab VALUES (33101, 9);
INSERT INTO psc_tab VALUES (76852, 13);
INSERT INTO psc_tab VALUES (15800, 10);
INSERT INTO psc_tab VALUES (33007, 9);
INSERT INTO psc_tab VALUES (38772, 1);
INSERT INTO psc_tab VALUES (54947, 4);
INSERT INTO psc_tab VALUES (51756, 4);
INSERT INTO psc_tab VALUES (37373, 1);
INSERT INTO psc_tab VALUES (33002, 9);
INSERT INTO psc_tab VALUES (56163, 8);
INSERT INTO psc_tab VALUES (43972, 12);
INSERT INTO psc_tab VALUES (73944, 6);
INSERT INTO psc_tab VALUES (73936, 6);
INSERT INTO psc_tab VALUES (74744, 6);
INSERT INTO psc_tab VALUES (41741, 12);
INSERT INTO psc_tab VALUES (38278, 1);
INSERT INTO psc_tab VALUES (50353, 4);
INSERT INTO psc_tab VALUES (56118, 8);
INSERT INTO psc_tab VALUES (41742, 12);
INSERT INTO psc_tab VALUES (75611, 13);
INSERT INTO psc_tab VALUES (75641, 13);
INSERT INTO psc_tab VALUES (74901, 6);
INSERT INTO psc_tab VALUES (53342, 8);
INSERT INTO psc_tab VALUES (39842, 1);
INSERT INTO psc_tab VALUES (64700, 14);
INSERT INTO psc_tab VALUES (79351, 6);
INSERT INTO psc_tab VALUES (15500, 10);
INSERT INTO psc_tab VALUES (53945, 8);
INSERT INTO psc_tab VALUES (11000, 10);
INSERT INTO psc_tab VALUES (74787, 6);
INSERT INTO psc_tab VALUES (56912, 8);
INSERT INTO psc_tab VALUES (43986, 12);
INSERT INTO psc_tab VALUES (43981, 12);
INSERT INTO psc_tab VALUES (75615, 13);
INSERT INTO psc_tab VALUES (51234, 5);
INSERT INTO psc_tab VALUES (43191, 12);
INSERT INTO psc_tab VALUES (51701, 4);
INSERT INTO psc_tab VALUES (37322, 1);
INSERT INTO psc_tab VALUES (51236, 5);
INSERT INTO psc_tab VALUES (37826, 1);
INSERT INTO psc_tab VALUES (51232, 5);
INSERT INTO psc_tab VALUES (41148, 12);
INSERT INTO psc_tab VALUES (74764, 6);
INSERT INTO psc_tab VALUES (75631, 13);
INSERT INTO psc_tab VALUES (47106, 5);
INSERT INTO psc_tab VALUES (73985, 6);
INSERT INTO psc_tab VALUES (37816, 1);
INSERT INTO psc_tab VALUES (38276, 1);
INSERT INTO psc_tab VALUES (18000, 10);
INSERT INTO psc_tab VALUES (68774, 13);
INSERT INTO psc_tab VALUES (18600, 10);
INSERT INTO psc_tab VALUES (46334, 5);
INSERT INTO psc_tab VALUES (56155, 8);
INSERT INTO psc_tab VALUES (73995, 6);
INSERT INTO psc_tab VALUES (37803, 1);
INSERT INTO psc_tab VALUES (38706, 1);
INSERT INTO psc_tab VALUES (54243, 4);
INSERT INTO psc_tab VALUES (79316, 6);
INSERT INTO psc_tab VALUES (56122, 8);
INSERT INTO psc_tab VALUES (19700, 10);
INSERT INTO psc_tab VALUES (73912, 6);
INSERT INTO psc_tab VALUES (76875, 13);
INSERT INTO psc_tab VALUES (38291, 1);
INSERT INTO psc_tab VALUES (54936, 4);
INSERT INTO psc_tab VALUES (19014, 10);
INSERT INTO psc_tab VALUES (73701, 6);
INSERT INTO psc_tab VALUES (38427, 1);
INSERT INTO psc_tab VALUES (19016, 10);
INSERT INTO psc_tab VALUES (40745, 12);
INSERT INTO psc_tab VALUES (50357, 4);
INSERT INTO psc_tab VALUES (53003, 8);
INSERT INTO psc_tab VALUES (53012, 8);
INSERT INTO psc_tab VALUES (51101, 5);
INSERT INTO psc_tab VALUES (73562, 6);
INSERT INTO psc_tab VALUES (25792, 11);
INSERT INTO psc_tab VALUES (50314, 4);
INSERT INTO psc_tab VALUES (53009, 8);
INSERT INTO psc_tab VALUES (50722, 4);
INSERT INTO psc_tab VALUES (53301, 8);
INSERT INTO psc_tab VALUES (53353, 8);
INSERT INTO psc_tab VALUES (53333, 8);
INSERT INTO psc_tab VALUES (41725, 12);
INSERT INTO psc_tab VALUES (37363, 1);
INSERT INTO psc_tab VALUES (39501, 1);
INSERT INTO psc_tab VALUES (38736, 1);
INSERT INTO psc_tab VALUES (41772, 12);
INSERT INTO psc_tab VALUES (43923, 12);
INSERT INTO psc_tab VALUES (33023, 9);
INSERT INTO psc_tab VALUES (54948, 4);
INSERT INTO psc_tab VALUES (33024, 9);
INSERT INTO psc_tab VALUES (73564, 6);
INSERT INTO psc_tab VALUES (76317, 13);
INSERT INTO psc_tab VALUES (58825, 3);
INSERT INTO psc_tab VALUES (54962, 4);
INSERT INTO psc_tab VALUES (47161, 5);
INSERT INTO psc_tab VALUES (58274, 3);
INSERT INTO psc_tab VALUES (39153, 1);
INSERT INTO psc_tab VALUES (43926, 12);
INSERT INTO psc_tab VALUES (74717, 6);
INSERT INTO psc_tab VALUES (74794, 6);
INSERT INTO psc_tab VALUES (69181, 14);
INSERT INTO psc_tab VALUES (73571, 6);
INSERT INTO psc_tab VALUES (53006, 8);
INSERT INTO psc_tab VALUES (53351, 8);
INSERT INTO psc_tab VALUES (79303, 6);
INSERT INTO psc_tab VALUES (69111, 14);
INSERT INTO psc_tab VALUES (69146, 14);
INSERT INTO psc_tab VALUES (69002, 14);
INSERT INTO psc_tab VALUES (69003, 14);
INSERT INTO psc_tab VALUES (69141, 14);
INSERT INTO psc_tab VALUES (69006, 14);
INSERT INTO psc_tab VALUES (75627, 13);
INSERT INTO psc_tab VALUES (54971, 4);
INSERT INTO psc_tab VALUES (54351, 4);
INSERT INTO psc_tab VALUES (69144, 14);
INSERT INTO psc_tab VALUES (41146, 12);
INSERT INTO psc_tab VALUES (69143, 14);
INSERT INTO psc_tab VALUES (79305, 6);
INSERT INTO psc_tab VALUES (28506, 11);
INSERT INTO psc_tab VALUES (79803, 14);
INSERT INTO psc_tab VALUES (79805, 14);
INSERT INTO psc_tab VALUES (67905, 14);
INSERT INTO psc_tab VALUES (66601, 14);
INSERT INTO psc_tab VALUES (67165, 14);
INSERT INTO psc_tab VALUES (27737, 11);
INSERT INTO psc_tab VALUES (43963, 12);
INSERT INTO psc_tab VALUES (56170, 8);
INSERT INTO psc_tab VALUES (73951, 6);
INSERT INTO psc_tab VALUES (43975, 12);
INSERT INTO psc_tab VALUES (41103, 12);
INSERT INTO psc_tab VALUES (51733, 4);
INSERT INTO psc_tab VALUES (73953, 6);
INSERT INTO psc_tab VALUES (27735, 11);
INSERT INTO psc_tab VALUES (41117, 12);
INSERT INTO psc_tab VALUES (69631, 14);
INSERT INTO psc_tab VALUES (53841, 8);
INSERT INTO psc_tab VALUES (51243, 5);
INSERT INTO psc_tab VALUES (39832, 1);
INSERT INTO psc_tab VALUES (68706, 13);
INSERT INTO psc_tab VALUES (74722, 6);
INSERT INTO psc_tab VALUES (69189, 14);
INSERT INTO psc_tab VALUES (54103, 4);
INSERT INTO psc_tab VALUES (58602, 3);
INSERT INTO psc_tab VALUES (37302, 1);
INSERT INTO psc_tab VALUES (40335, 12);
INSERT INTO psc_tab VALUES (69681, 14);
INSERT INTO psc_tab VALUES (54102, 4);
INSERT INTO psc_tab VALUES (69685, 14);
INSERT INTO psc_tab VALUES (67938, 14);
INSERT INTO psc_tab VALUES (67101, 14);
INSERT INTO psc_tab VALUES (67974, 14);
INSERT INTO psc_tab VALUES (40781, 12);
INSERT INTO psc_tab VALUES (33828, 9);
INSERT INTO psc_tab VALUES (56971, 8);
INSERT INTO psc_tab VALUES (69123, 14);
INSERT INTO psc_tab VALUES (66423, 14);
INSERT INTO psc_tab VALUES (69614, 14);
INSERT INTO psc_tab VALUES (69615, 14);
INSERT INTO psc_tab VALUES (53804, 8);
INSERT INTO psc_tab VALUES (38433, 1);
INSERT INTO psc_tab VALUES (69651, 14);
INSERT INTO psc_tab VALUES (67173, 14);
INSERT INTO psc_tab VALUES (34034, 9);
INSERT INTO psc_tab VALUES (73938, 6);
INSERT INTO psc_tab VALUES (33801, 9);
INSERT INTO psc_tab VALUES (43542, 12);
INSERT INTO psc_tab VALUES (67975, 14);
INSERT INTO psc_tab VALUES (59262, 14);
INSERT INTO psc_tab VALUES (38734, 1);
INSERT INTO psc_tab VALUES (43603, 12);
INSERT INTO psc_tab VALUES (53976, 8);
INSERT INTO psc_tab VALUES (66431, 14);
INSERT INTO psc_tab VALUES (53974, 8);
INSERT INTO psc_tab VALUES (74766, 6);
INSERT INTO psc_tab VALUES (69173, 14);
INSERT INTO psc_tab VALUES (39818, 1);
INSERT INTO psc_tab VALUES (69635, 14);
INSERT INTO psc_tab VALUES (76332, 13);
INSERT INTO psc_tab VALUES (66475, 14);
INSERT INTO psc_tab VALUES (50704, 4);
INSERT INTO psc_tab VALUES (79827, 7);
INSERT INTO psc_tab VALUES (67961, 14);
INSERT INTO psc_tab VALUES (68738, 13);
INSERT INTO psc_tab VALUES (68323, 14);
INSERT INTO psc_tab VALUES (69171, 14);
INSERT INTO psc_tab VALUES (46601, 5);
INSERT INTO psc_tab VALUES (67201, 14);
INSERT INTO psc_tab VALUES (46602, 5);
INSERT INTO psc_tab VALUES (33301, 9);
INSERT INTO psc_tab VALUES (46606, 5);
INSERT INTO psc_tab VALUES (67182, 14);
INSERT INTO psc_tab VALUES (40784, 12);
INSERT INTO psc_tab VALUES (46801, 5);
INSERT INTO psc_tab VALUES (43511, 12);
INSERT INTO psc_tab VALUES (46605, 5);
INSERT INTO psc_tab VALUES (50792, 4);
INSERT INTO psc_tab VALUES (69616, 14);
INSERT INTO psc_tab VALUES (69617, 14);
INSERT INTO psc_tab VALUES (43533, 12);
INSERT INTO psc_tab VALUES (56907, 8);
INSERT INTO psc_tab VALUES (38441, 1);
INSERT INTO psc_tab VALUES (46604, 5);
INSERT INTO psc_tab VALUES (69185, 14);
INSERT INTO psc_tab VALUES (38472, 1);
INSERT INTO psc_tab VALUES (51263, 4);
INSERT INTO psc_tab VALUES (66464, 14);
INSERT INTO psc_tab VALUES (53972, 8);
INSERT INTO psc_tab VALUES (53343, 8);
INSERT INTO psc_tab VALUES (59455, 14);
INSERT INTO psc_tab VALUES (56972, 8);
INSERT INTO psc_tab VALUES (46804, 5);
INSERT INTO psc_tab VALUES (50707, 4);
INSERT INTO psc_tab VALUES (69129, 14);
INSERT INTO psc_tab VALUES (69683, 14);
INSERT INTO psc_tab VALUES (69684, 14);
INSERT INTO psc_tab VALUES (66483, 14);
INSERT INTO psc_tab VALUES (67911, 14);
INSERT INTO psc_tab VALUES (50711, 4);
INSERT INTO psc_tab VALUES (51754, 4);
INSERT INTO psc_tab VALUES (15900, 10);
INSERT INTO psc_tab VALUES (53842, 8);
INSERT INTO psc_tab VALUES (73553, 6);
INSERT INTO psc_tab VALUES (38202, 1);
INSERT INTO psc_tab VALUES (59456, 14);
INSERT INTO psc_tab VALUES (37344, 1);
INSERT INTO psc_tab VALUES (53834, 8);
INSERT INTO psc_tab VALUES (47125, 5);
INSERT INTO psc_tab VALUES (55211, 4);
INSERT INTO psc_tab VALUES (66424, 14);
INSERT INTO psc_tab VALUES (56903, 8);
INSERT INTO psc_tab VALUES (50721, 4);
INSERT INTO psc_tab VALUES (75366, 7);
INSERT INTO psc_tab VALUES (68301, 14);
INSERT INTO psc_tab VALUES (55224, 4);
INSERT INTO psc_tab VALUES (56125, 8);
INSERT INTO psc_tab VALUES (53354, 8);
INSERT INTO psc_tab VALUES (43983, 12);
INSERT INTO psc_tab VALUES (56934, 8);
INSERT INTO psc_tab VALUES (79501, 6);
INSERT INTO psc_tab VALUES (53313, 8);
INSERT INTO psc_tab VALUES (69183, 14);
INSERT INTO psc_tab VALUES (67976, 14);
INSERT INTO psc_tab VALUES (68304, 14);
INSERT INTO psc_tab VALUES (68321, 14);
INSERT INTO psc_tab VALUES (69603, 14);
INSERT INTO psc_tab VALUES (54932, 4);
INSERT INTO psc_tab VALUES (39174, 1);
INSERT INTO psc_tab VALUES (53865, 8);
INSERT INTO psc_tab VALUES (67126, 14);
INSERT INTO psc_tab VALUES (56141, 8);
INSERT INTO psc_tab VALUES (54235, 4);
INSERT INTO psc_tab VALUES (55202, 4);
INSERT INTO psc_tab VALUES (54454, 4);
INSERT INTO psc_tab VALUES (54982, 4);
INSERT INTO psc_tab VALUES (43524, 12);
INSERT INTO psc_tab VALUES (68732, 13);
INSERT INTO psc_tab VALUES (19900, 10);
INSERT INTO psc_tab VALUES (67171, 14);
INSERT INTO psc_tab VALUES (56962, 8);
INSERT INTO psc_tab VALUES (68751, 13);
INSERT INTO psc_tab VALUES (37366, 1);
INSERT INTO psc_tab VALUES (29001, 11);
INSERT INTO psc_tab VALUES (75604, 13);
INSERT INTO psc_tab VALUES (53805, 8);
INSERT INTO psc_tab VALUES (66443, 14);
INSERT INTO psc_tab VALUES (68737, 13);
INSERT INTO psc_tab VALUES (40327, 12);
INSERT INTO psc_tab VALUES (28934, 11);
INSERT INTO psc_tab VALUES (74756, 6);
INSERT INTO psc_tab VALUES (68401, 14);
INSERT INTO psc_tab VALUES (67169, 14);
INSERT INTO psc_tab VALUES (54462, 4);
INSERT INTO psc_tab VALUES (67168, 14);
INSERT INTO psc_tab VALUES (46811, 5);
INSERT INTO psc_tab VALUES (33012, 9);
INSERT INTO psc_tab VALUES (68201, 14);
INSERT INTO psc_tab VALUES (68723, 13);
INSERT INTO psc_tab VALUES (68722, 13);
INSERT INTO psc_tab VALUES (43102, 12);
INSERT INTO psc_tab VALUES (46353, 5);
INSERT INTO psc_tab VALUES (67152, 14);
INSERT INTO psc_tab VALUES (74755, 6);
INSERT INTO psc_tab VALUES (46833, 5);
INSERT INTO psc_tab VALUES (68742, 13);
INSERT INTO psc_tab VALUES (54241, 4);
INSERT INTO psc_tab VALUES (67125, 14);
INSERT INTO psc_tab VALUES (73533, 6);
INSERT INTO psc_tab VALUES (69501, 14);
INSERT INTO psc_tab VALUES (66461, 14);
INSERT INTO psc_tab VALUES (67913, 14);
INSERT INTO psc_tab VALUES (43532, 12);
INSERT INTO psc_tab VALUES (51734, 4);
INSERT INTO psc_tab VALUES (68351, 14);
INSERT INTO psc_tab VALUES (40742, 12);
INSERT INTO psc_tab VALUES (41119, 12);
INSERT INTO psc_tab VALUES (69301, 14);
INSERT INTO psc_tab VALUES (67102, 14);
INSERT INTO psc_tab VALUES (76362, 13);
INSERT INTO psc_tab VALUES (54301, 4);
INSERT INTO psc_tab VALUES (54302, 4);
INSERT INTO psc_tab VALUES (43156, 12);
INSERT INTO psc_tab VALUES (54303, 4);
INSERT INTO psc_tab VALUES (67134, 14);
INSERT INTO psc_tab VALUES (43184, 12);
INSERT INTO psc_tab VALUES (51212, 5);
INSERT INTO psc_tab VALUES (67962, 14);
INSERT INTO psc_tab VALUES (16100, 10);
INSERT INTO psc_tab VALUES (74258, 6);
INSERT INTO psc_tab VALUES (43931, 12);
INSERT INTO psc_tab VALUES (66404, 14);
INSERT INTO psc_tab VALUES (33455, 9);
INSERT INTO psc_tab VALUES (76834, 13);
INSERT INTO psc_tab VALUES (73946, 6);
INSERT INTO psc_tab VALUES (73945, 6);
INSERT INTO psc_tab VALUES (68352, 14);
INSERT INTO psc_tab VALUES (43513, 12);
INSERT INTO psc_tab VALUES (56553, 8);
INSERT INTO psc_tab VALUES (68756, 13);
INSERT INTO psc_tab VALUES (50331, 4);
INSERT INTO psc_tab VALUES (54937, 4);
INSERT INTO psc_tab VALUES (40779, 12);
INSERT INTO psc_tab VALUES (58617, 3);
INSERT INTO psc_tab VALUES (46365, 5);
INSERT INTO psc_tab VALUES (69612, 14);
INSERT INTO psc_tab VALUES (73801, 6);
INSERT INTO psc_tab VALUES (66603, 14);
INSERT INTO psc_tab VALUES (43158, 12);
INSERT INTO psc_tab VALUES (67128, 14);
INSERT INTO psc_tab VALUES (56115, 8);
INSERT INTO psc_tab VALUES (67127, 14);
INSERT INTO psc_tab VALUES (69663, 14);
INSERT INTO psc_tab VALUES (69673, 14);
INSERT INTO psc_tab VALUES (69156, 14);
INSERT INTO psc_tab VALUES (41713, 12);
INSERT INTO psc_tab VALUES (73942, 6);
INSERT INTO psc_tab VALUES (67167, 14);
INSERT INTO psc_tab VALUES (41781, 12);
INSERT INTO psc_tab VALUES (66462, 14);
INSERT INTO psc_tab VALUES (56544, 8);
INSERT INTO psc_tab VALUES (46844, 5);
INSERT INTO psc_tab VALUES (28902, 11);
INSERT INTO psc_tab VALUES (43502, 12);
INSERT INTO psc_tab VALUES (76318, 13);
INSERT INTO psc_tab VALUES (69650, 14);
INSERT INTO psc_tab VALUES (73941, 6);
INSERT INTO psc_tab VALUES (56932, 8);
INSERT INTO psc_tab VALUES (53344, 8);
INSERT INTO psc_tab VALUES (47114, 5);
INSERT INTO psc_tab VALUES (15531, 10);
INSERT INTO psc_tab VALUES (25228, 10);
INSERT INTO psc_tab VALUES (58603, 3);
INSERT INTO psc_tab VALUES (54955, 4);
INSERT INTO psc_tab VALUES (73911, 6);
INSERT INTO psc_tab VALUES (16500, 10);
INSERT INTO psc_tab VALUES (51723, 4);
INSERT INTO psc_tab VALUES (41120, 12);
INSERT INTO psc_tab VALUES (74245, 6);
INSERT INTO psc_tab VALUES (29428, 11);
INSERT INTO psc_tab VALUES (10000, 10);
INSERT INTO psc_tab VALUES (43971, 12);
INSERT INTO psc_tab VALUES (10800, 10);
INSERT INTO psc_tab VALUES (10100, 10);
INSERT INTO psc_tab VALUES (75656, 13);
INSERT INTO psc_tab VALUES (43545, 12);
INSERT INTO psc_tab VALUES (76842, 13);
INSERT INTO psc_tab VALUES (50702, 4);
INSERT INTO psc_tab VALUES (56113, 8);
INSERT INTO psc_tab VALUES (50734, 4);
INSERT INTO psc_tab VALUES (56301, 8);
INSERT INTO psc_tab VALUES (69674, 14);
INSERT INTO psc_tab VALUES (56802, 8);
INSERT INTO psc_tab VALUES (56905, 8);
INSERT INTO psc_tab VALUES (56943, 8);
INSERT INTO psc_tab VALUES (67906, 14);
INSERT INTO psc_tab VALUES (57001, 8);
INSERT INTO psc_tab VALUES (76812, 13);
INSERT INTO psc_tab VALUES (53845, 8);
INSERT INTO psc_tab VALUES (53843, 8);
INSERT INTO psc_tab VALUES (53824, 8);
INSERT INTO psc_tab VALUES (74792, 6);
INSERT INTO psc_tab VALUES (67175, 14);
INSERT INTO psc_tab VALUES (41731, 12);
INSERT INTO psc_tab VALUES (34806, 9);
INSERT INTO psc_tab VALUES (69648, 14);
INSERT INTO psc_tab VALUES (46850, 5);
INSERT INTO psc_tab VALUES (43521, 12);
INSERT INTO psc_tab VALUES (43987, 12);
INSERT INTO psc_tab VALUES (46849, 5);
INSERT INTO psc_tab VALUES (66405, 14);
INSERT INTO psc_tab VALUES (41765, 12);
INSERT INTO psc_tab VALUES (56973, 8);
INSERT INTO psc_tab VALUES (66451, 14);
INSERT INTO psc_tab VALUES (53362, 8);
INSERT INTO psc_tab VALUES (53942, 8);
INSERT INTO psc_tab VALUES (69621, 14);
INSERT INTO psc_tab VALUES (46848, 5);
INSERT INTO psc_tab VALUES (28917, 11);
INSERT INTO psc_tab VALUES (51251, 5);
INSERT INTO psc_tab VALUES (56131, 8);
INSERT INTO psc_tab VALUES (51202, 5);
INSERT INTO psc_tab VALUES (33211, 9);
INSERT INTO psc_tab VALUES (56166, 8);
INSERT INTO psc_tab VALUES (56994, 8);
INSERT INTO psc_tab VALUES (69172, 14);
INSERT INTO psc_tab VALUES (41705, 12);
INSERT INTO psc_tab VALUES (26206, 11);
INSERT INTO psc_tab VALUES (69649, 14);
INSERT INTO psc_tab VALUES (78991, 7);
INSERT INTO psc_tab VALUES (43905, 12);
INSERT INTO psc_tab VALUES (74716, 6);
INSERT INTO psc_tab VALUES (73601, 6);
INSERT INTO psc_tab VALUES (76803, 13);
INSERT INTO psc_tab VALUES (43163, 12);
INSERT INTO psc_tab VALUES (69664, 14);
INSERT INTO psc_tab VALUES (47103, 5);
INSERT INTO psc_tab VALUES (12000, 10);
INSERT INTO psc_tab VALUES (12800, 10);
INSERT INTO psc_tab VALUES (53952, 8);
INSERT INTO psc_tab VALUES (67934, 14);
INSERT INTO psc_tab VALUES (33842, 9);
INSERT INTO psc_tab VALUES (53833, 8);
INSERT INTO psc_tab VALUES (43908, 12);
INSERT INTO psc_tab VALUES (43907, 12);
INSERT INTO psc_tab VALUES (56974, 8);
INSERT INTO psc_tab VALUES (69110, 14);
INSERT INTO psc_tab VALUES (79070, 7);
INSERT INTO psc_tab VALUES (47157, 5);
INSERT INTO psc_tab VALUES (43153, 12);
INSERT INTO psc_tab VALUES (56933, 8);
INSERT INTO psc_tab VALUES (75625, 13);
INSERT INTO psc_tab VALUES (56124, 8);
INSERT INTO psc_tab VALUES (43985, 12);
INSERT INTO psc_tab VALUES (28576, 11);
INSERT INTO psc_tab VALUES (40337, 12);
INSERT INTO psc_tab VALUES (69152, 14);
INSERT INTO psc_tab VALUES (41101, 12);
INSERT INTO psc_tab VALUES (46001, 5);
INSERT INTO psc_tab VALUES (41142, 12);
INSERT INTO psc_tab VALUES (67907, 14);
INSERT INTO psc_tab VALUES (66406, 14);
INSERT INTO psc_tab VALUES (34543, 9);
INSERT INTO psc_tab VALUES (33544, 9);
INSERT INTO psc_tab VALUES (28103, 11);
INSERT INTO psc_tab VALUES (53363, 8);
INSERT INTO psc_tab VALUES (74235, 6);
INSERT INTO psc_tab VALUES (25728, 11);
INSERT INTO psc_tab VALUES (53373, 8);
INSERT INTO psc_tab VALUES (47155, 5);
INSERT INTO psc_tab VALUES (53832, 8);
INSERT INTO psc_tab VALUES (25701, 11);
INSERT INTO psc_tab VALUES (79374, 6);
INSERT INTO psc_tab VALUES (67151, 14);
INSERT INTO psc_tab VALUES (74247, 6);
INSERT INTO psc_tab VALUES (74769, 6);
INSERT INTO psc_tab VALUES (69165, 14);
INSERT INTO psc_tab VALUES (74801, 6);
INSERT INTO psc_tab VALUES (46008, 5);
INSERT INTO psc_tab VALUES (46010, 5);
INSERT INTO psc_tab VALUES (56203, 8);
INSERT INTO psc_tab VALUES (56204, 8);
INSERT INTO psc_tab VALUES (74735, 6);
INSERT INTO psc_tab VALUES (59453, 14);
INSERT INTO psc_tab VALUES (56206, 8);
INSERT INTO psc_tab VALUES (46007, 5);
INSERT INTO psc_tab VALUES (74271, 6);
INSERT INTO psc_tab VALUES (74774, 6);
INSERT INTO psc_tab VALUES (76364, 13);
INSERT INTO psc_tab VALUES (46014, 5);
INSERT INTO psc_tab VALUES (58842, 3);
INSERT INTO psc_tab VALUES (41147, 12);
INSERT INTO psc_tab VALUES (46005, 5);
INSERT INTO psc_tab VALUES (67972, 14);
INSERT INTO psc_tab VALUES (46015, 5);
INSERT INTO psc_tab VALUES (33806, 9);
INSERT INTO psc_tab VALUES (53957, 8);
INSERT INTO psc_tab VALUES (68603, 13);
INSERT INTO psc_tab VALUES (33204, 9);
INSERT INTO psc_tab VALUES (68766, 13);
INSERT INTO psc_tab VALUES (43942, 12);
INSERT INTO psc_tab VALUES (56914, 8);
INSERT INTO psc_tab VALUES (56152, 8);
INSERT INTO psc_tab VALUES (33442, 9);
INSERT INTO psc_tab VALUES (46006, 5);
INSERT INTO psc_tab VALUES (68765, 13);
INSERT INTO psc_tab VALUES (79371, 6);
INSERT INTO psc_tab VALUES (25226, 10);
INSERT INTO psc_tab VALUES (76804, 13);
INSERT INTO psc_tab VALUES (56906, 8);
INSERT INTO psc_tab VALUES (69655, 14);
INSERT INTO psc_tab VALUES (40332, 12);
INSERT INTO psc_tab VALUES (69701, 14);
INSERT INTO psc_tab VALUES (75652, 13);
INSERT INTO psc_tab VALUES (15300, 10);
INSERT INTO psc_tab VALUES (34533, 9);
INSERT INTO psc_tab VALUES (41133, 12);
INSERT INTO psc_tab VALUES (46011, 5);
INSERT INTO psc_tab VALUES (53961, 8);
INSERT INTO psc_tab VALUES (41712, 12);
INSERT INTO psc_tab VALUES (34813, 9);
INSERT INTO psc_tab VALUES (56542, 8);
INSERT INTO psc_tab VALUES (67106, 14);
INSERT INTO psc_tab VALUES (69151, 14);
INSERT INTO psc_tab VALUES (78823, 7);
INSERT INTO psc_tab VALUES (56946, 8);
INSERT INTO psc_tab VALUES (68753, 13);
INSERT INTO psc_tab VALUES (25756, 11);
INSERT INTO psc_tab VALUES (67922, 14);
INSERT INTO psc_tab VALUES (39451, 3);
INSERT INTO psc_tab VALUES (79312, 6);
INSERT INTO psc_tab VALUES (53956, 8);
INSERT INTO psc_tab VALUES (16300, 10);
INSERT INTO psc_tab VALUES (67163, 14);
INSERT INTO psc_tab VALUES (43155, 12);
INSERT INTO psc_tab VALUES (35301, 9);
INSERT INTO psc_tab VALUES (56134, 8);
INSERT INTO psc_tab VALUES (73937, 6);
INSERT INTO psc_tab VALUES (19015, 10);
INSERT INTO psc_tab VALUES (46311, 5);
INSERT INTO psc_tab VALUES (68335, 14);
INSERT INTO psc_tab VALUES (43924, 12);
INSERT INTO psc_tab VALUES (43967, 12);
INSERT INTO psc_tab VALUES (79344, 6);
INSERT INTO psc_tab VALUES (58242, 3);
INSERT INTO psc_tab VALUES (68731, 13);
INSERT INTO psc_tab VALUES (15521, 10);
INSERT INTO psc_tab VALUES (78974, 7);
INSERT INTO psc_tab VALUES (33214, 9);
INSERT INTO psc_tab VALUES (68711, 13);
INSERT INTO psc_tab VALUES (53321, 8);
INSERT INTO psc_tab VALUES (73535, 6);
INSERT INTO psc_tab VALUES (39413, 3);
INSERT INTO psc_tab VALUES (41762, 12);
INSERT INTO psc_tab VALUES (32300, 9);
INSERT INTO psc_tab VALUES (33017, 9);
INSERT INTO psc_tab VALUES (33003, 9);
INSERT INTO psc_tab VALUES (79854, 7);
INSERT INTO psc_tab VALUES (13000, 10);
INSERT INTO psc_tab VALUES (68707, 13);
INSERT INTO psc_tab VALUES (27001, 11);
INSERT INTO psc_tab VALUES (69672, 14);
INSERT INTO psc_tab VALUES (40751, 12);
INSERT INTO psc_tab VALUES (40331, 12);
INSERT INTO psc_tab VALUES (67915, 14);
INSERT INTO psc_tab VALUES (58823, 3);
INSERT INTO psc_tab VALUES (56186, 8);
INSERT INTO psc_tab VALUES (74763, 6);
INSERT INTO psc_tab VALUES (53835, 8);
INSERT INTO psc_tab VALUES (51203, 5);
INSERT INTO psc_tab VALUES (68605, 13);
INSERT INTO psc_tab VALUES (74767, 6);
INSERT INTO psc_tab VALUES (40313, 12);
INSERT INTO psc_tab VALUES (56543, 8);
INSERT INTO psc_tab VALUES (78973, 7);
INSERT INTO psc_tab VALUES (58824, 3);
INSERT INTO psc_tab VALUES (27042, 11);
INSERT INTO psc_tab VALUES (79065, 7);
INSERT INTO psc_tab VALUES (53311, 8);
INSERT INTO psc_tab VALUES (68606, 13);
INSERT INTO psc_tab VALUES (59301, 14);
INSERT INTO psc_tab VALUES (69676, 14);
INSERT INTO psc_tab VALUES (43909, 12);
INSERT INTO psc_tab VALUES (43914, 12);
INSERT INTO psc_tab VALUES (69639, 14);
INSERT INTO psc_tab VALUES (74784, 6);
INSERT INTO psc_tab VALUES (33205, 9);
INSERT INTO psc_tab VALUES (41174, 12);
INSERT INTO psc_tab VALUES (68801, 13);
INSERT INTO psc_tab VALUES (75201, 7);
INSERT INTO psc_tab VALUES (41162, 12);
INSERT INTO psc_tab VALUES (68734, 13);
INSERT INTO psc_tab VALUES (43101, 12);
INSERT INTO psc_tab VALUES (40715, 12);
INSERT INTO psc_tab VALUES (53836, 8);
INSERT INTO psc_tab VALUES (43949, 12);
INSERT INTO psc_tab VALUES (68303, 14);
INSERT INTO psc_tab VALUES (69618, 14);
INSERT INTO psc_tab VALUES (40760, 12);
INSERT INTO psc_tab VALUES (68724, 13);
INSERT INTO psc_tab VALUES (40761, 12);
INSERT INTO psc_tab VALUES (73997, 6);
INSERT INTO psc_tab VALUES (46871, 5);
INSERT INTO psc_tab VALUES (73998, 6);
INSERT INTO psc_tab VALUES (75105, 7);
INSERT INTO psc_tab VALUES (67963, 14);
INSERT INTO psc_tab VALUES (78821, 7);
INSERT INTO psc_tab VALUES (26712, 11);
INSERT INTO psc_tab VALUES (66465, 14);
INSERT INTO psc_tab VALUES (41184, 12);
INSERT INTO psc_tab VALUES (74731, 6);
INSERT INTO psc_tab VALUES (73561, 6);
INSERT INTO psc_tab VALUES (43114, 12);
INSERT INTO psc_tab VALUES (74724, 6);
INSERT INTO psc_tab VALUES (41111, 12);
INSERT INTO psc_tab VALUES (74706, 6);
INSERT INTO psc_tab VALUES (41753, 12);
INSERT INTO psc_tab VALUES (58292, 3);
INSERT INTO psc_tab VALUES (66466, 14);
INSERT INTO psc_tab VALUES (40777, 12);
INSERT INTO psc_tab VALUES (33843, 9);
INSERT INTO psc_tab VALUES (46821, 5);
INSERT INTO psc_tab VALUES (66457, 14);
INSERT INTO psc_tab VALUES (66455, 14);
INSERT INTO psc_tab VALUES (73984, 6);
INSERT INTO psc_tab VALUES (69619, 14);
INSERT INTO psc_tab VALUES (17100, 10);
INSERT INTO psc_tab VALUES (59221, 3);
INSERT INTO psc_tab VALUES (67133, 14);
INSERT INTO psc_tab VALUES (41173, 12);
INSERT INTO psc_tab VALUES (75663, 13);
INSERT INTO psc_tab VALUES (74753, 6);
INSERT INTO psc_tab VALUES (47124, 5);
INSERT INTO psc_tab VALUES (69605, 14);
INSERT INTO psc_tab VALUES (74236, 6);
INSERT INTO psc_tab VALUES (69188, 14);
INSERT INTO psc_tab VALUES (67172, 14);
INSERT INTO psc_tab VALUES (79384, 6);
INSERT INTO psc_tab VALUES (40338, 12);
INSERT INTO psc_tab VALUES (39452, 3);
INSERT INTO psc_tab VALUES (26707, 11);
INSERT INTO psc_tab VALUES (74233, 6);
INSERT INTO psc_tab VALUES (41503, 12);
INSERT INTO psc_tab VALUES (66448, 14);
INSERT INTO psc_tab VALUES (41510, 12);
INSERT INTO psc_tab VALUES (69155, 14);
INSERT INTO psc_tab VALUES (79383, 6);
INSERT INTO psc_tab VALUES (34192, 9);
INSERT INTO psc_tab VALUES (41155, 12);
INSERT INTO psc_tab VALUES (40336, 12);
INSERT INTO psc_tab VALUES (75606, 13);
INSERT INTO psc_tab VALUES (67529, 3);
INSERT INTO psc_tab VALUES (79829, 7);
INSERT INTO psc_tab VALUES (40004, 12);
INSERT INTO psc_tab VALUES (69101, 14);
INSERT INTO psc_tab VALUES (78386, 6);
INSERT INTO psc_tab VALUES (75653, 13);
INSERT INTO psc_tab VALUES (74282, 6);
INSERT INTO psc_tab VALUES (69611, 14);
INSERT INTO psc_tab VALUES (69636, 14);
INSERT INTO psc_tab VALUES (41113, 12);
INSERT INTO psc_tab VALUES (25217, 11);
INSERT INTO psc_tab VALUES (79324, 6);
INSERT INTO psc_tab VALUES (51204, 5);
INSERT INTO psc_tab VALUES (79323, 6);
INSERT INTO psc_tab VALUES (79326, 6);
INSERT INTO psc_tab VALUES (73534, 6);
INSERT INTO psc_tab VALUES (73301, 6);
INSERT INTO psc_tab VALUES (67951, 14);
INSERT INTO psc_tab VALUES (68761, 13);
INSERT INTO psc_tab VALUES (69107, 14);
INSERT INTO psc_tab VALUES (46827, 5);
INSERT INTO psc_tab VALUES (51271, 5);
INSERT INTO psc_tab VALUES (73506, 6);
INSERT INTO psc_tab VALUES (69637, 14);
INSERT INTO psc_tab VALUES (19017, 10);
INSERT INTO psc_tab VALUES (66454, 14);
INSERT INTO psc_tab VALUES (43969, 12);
INSERT INTO psc_tab VALUES (47118, 5);
INSERT INTO psc_tab VALUES (43141, 12);
INSERT INTO psc_tab VALUES (16005, 10);
INSERT INTO psc_tab VALUES (39459, 3);
INSERT INTO psc_tab VALUES (40340, 12);
INSERT INTO psc_tab VALUES (40003, 12);
INSERT INTO psc_tab VALUES (40321, 12);
INSERT INTO psc_tab VALUES (40001, 12);
INSERT INTO psc_tab VALUES (33841, 9);
INSERT INTO psc_tab VALUES (40302, 12);
INSERT INTO psc_tab VALUES (69164, 14);
INSERT INTO psc_tab VALUES (47113, 5);
INSERT INTO psc_tab VALUES (73503, 6);
INSERT INTO psc_tab VALUES (78336, 7);
INSERT INTO psc_tab VALUES (40007, 12);
INSERT INTO psc_tab VALUES (47162, 5);
INSERT INTO psc_tab VALUES (68308, 14);
INSERT INTO psc_tab VALUES (40322, 12);
INSERT INTO psc_tab VALUES (69182, 14);
INSERT INTO psc_tab VALUES (73401, 6);
INSERT INTO psc_tab VALUES (40011, 12);
INSERT INTO psc_tab VALUES (58253, 3);
INSERT INTO psc_tab VALUES (67181, 14);
INSERT INTO psc_tab VALUES (34961, 9);
INSERT INTO psc_tab VALUES (75651, 13);
INSERT INTO psc_tab VALUES (75654, 13);
INSERT INTO psc_tab VALUES (79857, 7);
INSERT INTO psc_tab VALUES (66402, 14);
INSERT INTO psc_tab VALUES (76832, 13);
INSERT INTO psc_tab VALUES (75607, 13);
INSERT INTO psc_tab VALUES (46344, 5);
INSERT INTO psc_tab VALUES (39409, 3);
INSERT INTO psc_tab VALUES (67162, 14);
INSERT INTO psc_tab VALUES (51247, 5);
INSERT INTO psc_tab VALUES (67523, 3);
INSERT INTO psc_tab VALUES (46826, 5);
INSERT INTO psc_tab VALUES (10600, 10);
INSERT INTO psc_tab VALUES (67502, 3);
INSERT INTO psc_tab VALUES (66417, 14);
INSERT INTO psc_tab VALUES (66441, 14);
INSERT INTO psc_tab VALUES (66501, 14);
INSERT INTO psc_tab VALUES (68710, 13);
INSERT INTO psc_tab VALUES (74283, 6);
INSERT INTO psc_tab VALUES (66444, 14);
INSERT INTO psc_tab VALUES (15600, 10);
INSERT INTO psc_tab VALUES (66412, 14);
INSERT INTO psc_tab VALUES (27006, 11);
INSERT INTO psc_tab VALUES (76314, 13);
INSERT INTO psc_tab VALUES (74285, 6);
INSERT INTO psc_tab VALUES (66449, 14);
INSERT INTO psc_tab VALUES (67914, 14);
INSERT INTO psc_tab VALUES (66481, 14);
INSERT INTO psc_tab VALUES (27372, 11);
INSERT INTO psc_tab VALUES (74727, 6);
INSERT INTO psc_tab VALUES (79842, 7);
INSERT INTO psc_tab VALUES (74221, 6);
INSERT INTO psc_tab VALUES (69122, 14);
INSERT INTO psc_tab VALUES (51241, 5);
INSERT INTO psc_tab VALUES (69186, 14);
INSERT INTO psc_tab VALUES (46846, 5);
INSERT INTO psc_tab VALUES (47116, 5);
INSERT INTO psc_tab VALUES (51242, 5);
INSERT INTO psc_tab VALUES (58827, 3);
INSERT INTO psc_tab VALUES (69665, 14);
INSERT INTO psc_tab VALUES (73981, 6);
INSERT INTO psc_tab VALUES (73947, 6);
INSERT INTO psc_tab VALUES (67132, 14);
INSERT INTO psc_tab VALUES (67544, 3);
INSERT INTO psc_tab VALUES (74711, 6);
INSERT INTO psc_tab VALUES (73904, 6);
INSERT INTO psc_tab VALUES (47167, 5);
INSERT INTO psc_tab VALUES (75124, 7);
INSERT INTO psc_tab VALUES (69145, 14);
INSERT INTO psc_tab VALUES (47115, 5);
INSERT INTO psc_tab VALUES (76005, 13);
INSERT INTO psc_tab VALUES (66403, 14);
INSERT INTO psc_tab VALUES (74721, 6);
INSERT INTO psc_tab VALUES (51261, 5);
INSERT INTO psc_tab VALUES (76831, 13);
INSERT INTO psc_tab VALUES (34534, 9);
INSERT INTO psc_tab VALUES (46346, 5);
INSERT INTO psc_tab VALUES (69127, 14);
INSERT INTO psc_tab VALUES (39301, 3);
INSERT INTO psc_tab VALUES (67555, 3);
INSERT INTO psc_tab VALUES (69126, 14);
INSERT INTO psc_tab VALUES (73924, 6);
INSERT INTO psc_tab VALUES (66407, 14);
INSERT INTO psc_tab VALUES (66458, 14);
INSERT INTO psc_tab VALUES (27378, 11);
INSERT INTO psc_tab VALUES (79395, 6);
INSERT INTO psc_tab VALUES (46803, 5);
INSERT INTO psc_tab VALUES (58291, 3);
INSERT INTO psc_tab VALUES (67532, 3);
INSERT INTO psc_tab VALUES (74786, 6);
INSERT INTO psc_tab VALUES (36235, 2);
INSERT INTO psc_tab VALUES (66446, 14);
INSERT INTO psc_tab VALUES (59401, 3);
INSERT INTO psc_tab VALUES (36471, 2);
INSERT INTO psc_tab VALUES (35201, 2);
INSERT INTO psc_tab VALUES (58001, 3);
INSERT INTO psc_tab VALUES (66602, 14);
INSERT INTO psc_tab VALUES (73913, 6);
INSERT INTO psc_tab VALUES (29501, 5);
INSERT INTO psc_tab VALUES (69124, 14);
INSERT INTO psc_tab VALUES (74253, 6);
INSERT INTO psc_tab VALUES (74768, 6);
INSERT INTO psc_tab VALUES (58851, 3);
INSERT INTO psc_tab VALUES (66463, 14);
INSERT INTO psc_tab VALUES (67534, 3);
INSERT INTO psc_tab VALUES (69104, 14);
INSERT INTO psc_tab VALUES (78357, 7);
INSERT INTO psc_tab VALUES (51244, 5);
INSERT INTO psc_tab VALUES (68305, 14);
INSERT INTO psc_tab VALUES (51245, 5);
INSERT INTO psc_tab VALUES (69667, 14);
INSERT INTO psc_tab VALUES (39422, 3);
INSERT INTO psc_tab VALUES (66447, 14);
INSERT INTO psc_tab VALUES (36464, 2);
INSERT INTO psc_tab VALUES (75362, 7);
INSERT INTO psc_tab VALUES (79315, 6);
INSERT INTO psc_tab VALUES (74275, 6);
INSERT INTO psc_tab VALUES (58401, 3);
INSERT INTO psc_tab VALUES (67506, 3);
INSERT INTO psc_tab VALUES (79302, 6);
INSERT INTO psc_tab VALUES (69103, 14);
INSERT INTO psc_tab VALUES (67507, 3);
INSERT INTO psc_tab VALUES (58301, 3);
INSERT INTO psc_tab VALUES (69602, 14);
INSERT INTO psc_tab VALUES (67508, 3);
INSERT INTO psc_tab VALUES (25091, 11);
INSERT INTO psc_tab VALUES (69601, 14);
INSERT INTO psc_tab VALUES (73939, 6);
INSERT INTO psc_tab VALUES (74714, 6);
INSERT INTO psc_tab VALUES (58841, 3);
INSERT INTO psc_tab VALUES (79336, 6);
INSERT INTO psc_tab VALUES (51231, 5);
INSERT INTO psc_tab VALUES (67557, 3);
INSERT INTO psc_tab VALUES (78805, 7);
INSERT INTO psc_tab VALUES (36301, 2);
INSERT INTO psc_tab VALUES (36225, 2);
INSERT INTO psc_tab VALUES (36001, 2);
INSERT INTO psc_tab VALUES (36002, 2);
INSERT INTO psc_tab VALUES (35601, 2);
INSERT INTO psc_tab VALUES (58822, 3);
INSERT INTO psc_tab VALUES (67551, 3);
INSERT INTO psc_tab VALUES (59251, 3);
INSERT INTO psc_tab VALUES (25073, 11);
INSERT INTO psc_tab VALUES (59442, 3);
INSERT INTO psc_tab VALUES (34502, 9);
INSERT INTO psc_tab VALUES (67973, 14);
INSERT INTO psc_tab VALUES (25242, 11);
INSERT INTO psc_tab VALUES (47117, 5);
INSERT INTO psc_tab VALUES (35801, 2);
INSERT INTO psc_tab VALUES (35755, 2);
INSERT INTO psc_tab VALUES (59255, 3);
INSERT INTO psc_tab VALUES (51201, 5);
INSERT INTO psc_tab VALUES (35709, 2);
INSERT INTO psc_tab VALUES (36221, 2);
INSERT INTO psc_tab VALUES (66482, 14);
INSERT INTO psc_tab VALUES (78313, 7);
INSERT INTO psc_tab VALUES (36452, 2);
INSERT INTO psc_tab VALUES (67931, 14);
INSERT INTO psc_tab VALUES (69121, 14);
INSERT INTO psc_tab VALUES (67575, 14);
INSERT INTO psc_tab VALUES (36453, 2);
INSERT INTO psc_tab VALUES (47152, 5);
INSERT INTO psc_tab VALUES (39491, 3);
INSERT INTO psc_tab VALUES (46851, 5);
INSERT INTO psc_tab VALUES (36263, 2);
INSERT INTO psc_tab VALUES (59213, 3);
INSERT INTO psc_tab VALUES (59214, 3);
INSERT INTO psc_tab VALUES (46303, 5);
INSERT INTO psc_tab VALUES (69641, 14);
INSERT INTO psc_tab VALUES (33144, 9);
INSERT INTO psc_tab VALUES (47127, 5);
INSERT INTO psc_tab VALUES (67401, 3);
INSERT INTO psc_tab VALUES (78383, 7);
INSERT INTO psc_tab VALUES (58293, 3);
INSERT INTO psc_tab VALUES (73949, 6);
INSERT INTO psc_tab VALUES (58856, 3);
INSERT INTO psc_tab VALUES (47108, 5);
INSERT INTO psc_tab VALUES (68334, 14);
INSERT INTO psc_tab VALUES (67505, 3);
INSERT INTO psc_tab VALUES (51233, 5);
INSERT INTO psc_tab VALUES (66452, 14);
INSERT INTO psc_tab VALUES (33013, 9);
INSERT INTO psc_tab VALUES (35604, 2);
INSERT INTO psc_tab VALUES (35493, 2);
INSERT INTO psc_tab VALUES (35002, 2);
INSERT INTO psc_tab VALUES (33162, 9);
INSERT INTO psc_tab VALUES (47102, 5);
INSERT INTO psc_tab VALUES (74754, 6);
INSERT INTO psc_tab VALUES (74762, 6);
INSERT INTO psc_tab VALUES (69638, 14);
INSERT INTO psc_tab VALUES (67129, 14);
INSERT INTO psc_tab VALUES (25790, 11);
INSERT INTO psc_tab VALUES (35101, 2);
INSERT INTO psc_tab VALUES (69662, 14);
INSERT INTO psc_tab VALUES (58255, 3);
INSERT INTO psc_tab VALUES (74272, 6);
INSERT INTO psc_tab VALUES (58282, 3);
INSERT INTO psc_tab VALUES (74251, 6);
INSERT INTO psc_tab VALUES (33035, 9);
INSERT INTO psc_tab VALUES (73992, 6);
INSERT INTO psc_tab VALUES (47153, 5);
INSERT INTO psc_tab VALUES (67573, 3);
INSERT INTO psc_tab VALUES (47151, 5);
INSERT INTO psc_tab VALUES (33001, 9);
INSERT INTO psc_tab VALUES (69666, 14);
INSERT INTO psc_tab VALUES (33014, 9);
INSERT INTO psc_tab VALUES (59242, 3);
INSERT INTO psc_tab VALUES (58805, 3);
INSERT INTO psc_tab VALUES (59461, 3);
INSERT INTO psc_tab VALUES (73909, 6);
INSERT INTO psc_tab VALUES (35132, 2);
INSERT INTO psc_tab VALUES (69604, 14);
INSERT INTO psc_tab VALUES (59444, 3);
INSERT INTO psc_tab VALUES (67577, 3);
INSERT INTO psc_tab VALUES (67935, 14);
INSERT INTO psc_tab VALUES (39470, 3);
INSERT INTO psc_tab VALUES (39461, 3);
INSERT INTO psc_tab VALUES (67932, 14);
INSERT INTO psc_tab VALUES (74257, 6);
INSERT INTO psc_tab VALUES (51253, 5);
INSERT INTO psc_tab VALUES (35731, 2);
INSERT INTO psc_tab VALUES (32600, 9);
INSERT INTO psc_tab VALUES (69167, 14);
INSERT INTO psc_tab VALUES (67521, 3);
INSERT INTO psc_tab VALUES (36006, 2);
INSERT INTO psc_tab VALUES (33201, 9);
INSERT INTO psc_tab VALUES (69613, 14);
INSERT INTO psc_tab VALUES (67122, 14);
INSERT INTO psc_tab VALUES (35124, 2);
INSERT INTO psc_tab VALUES (33021, 9);
INSERT INTO psc_tab VALUES (58832, 3);
INSERT INTO psc_tab VALUES (79061, 7);
INSERT INTO psc_tab VALUES (69176, 14);
INSERT INTO psc_tab VALUES (79063, 7);
INSERT INTO psc_tab VALUES (36233, 2);
INSERT INTO psc_tab VALUES (58234, 3);
INSERT INTO psc_tab VALUES (78985, 7);
INSERT INTO psc_tab VALUES (67527, 3);
INSERT INTO psc_tab VALUES (58813, 3);
INSERT INTO psc_tab VALUES (74733, 6);
INSERT INTO psc_tab VALUES (46845, 5);
INSERT INTO psc_tab VALUES (74601, 6);
INSERT INTO psc_tab VALUES (74707, 6);
INSERT INTO psc_tab VALUES (66459, 14);
INSERT INTO psc_tab VALUES (74705, 6);
INSERT INTO psc_tab VALUES (35134, 2);
INSERT INTO psc_tab VALUES (51252, 5);
INSERT INTO psc_tab VALUES (74770, 6);
INSERT INTO psc_tab VALUES (58864, 3);
INSERT INTO psc_tab VALUES (67574, 3);
INSERT INTO psc_tab VALUES (59501, 3);
INSERT INTO psc_tab VALUES (33454, 9);
INSERT INTO psc_tab VALUES (58266, 3);
INSERT INTO psc_tab VALUES (74728, 6);
INSERT INTO psc_tab VALUES (36401, 2);
INSERT INTO psc_tab VALUES (74795, 6);
INSERT INTO psc_tab VALUES (35735, 2);
INSERT INTO psc_tab VALUES (51238, 5);
INSERT INTO psc_tab VALUES (39601, 3);
INSERT INTO psc_tab VALUES (74773, 6);
INSERT INTO psc_tab VALUES (39495, 3);
INSERT INTO psc_tab VALUES (47112, 5);
INSERT INTO psc_tab VALUES (73511, 6);
INSERT INTO psc_tab VALUES (69153, 14);
INSERT INTO psc_tab VALUES (73514, 6);
INSERT INTO psc_tab VALUES (69154, 14);
INSERT INTO psc_tab VALUES (69162, 14);
INSERT INTO psc_tab VALUES (67503, 3);
INSERT INTO psc_tab VALUES (67542, 3);
INSERT INTO psc_tab VALUES (69634, 14);
INSERT INTO psc_tab VALUES (29413, 5);
INSERT INTO psc_tab VALUES (73532, 6);
INSERT INTO psc_tab VALUES (36251, 2);
INSERT INTO psc_tab VALUES (66453, 14);
INSERT INTO psc_tab VALUES (71100, 6);
INSERT INTO psc_tab VALUES (71600, 6);
INSERT INTO psc_tab VALUES (67131, 14);
INSERT INTO psc_tab VALUES (67924, 14);
INSERT INTO psc_tab VALUES (71700, 6);
INSERT INTO psc_tab VALUES (67939, 14);
INSERT INTO psc_tab VALUES (73934, 6);
INSERT INTO psc_tab VALUES (70030, 6);
INSERT INTO psc_tab VALUES (39445, 3);
INSERT INTO psc_tab VALUES (69606, 14);
INSERT INTO psc_tab VALUES (34521, 9);
INSERT INTO psc_tab VALUES (69142, 14);
INSERT INTO psc_tab VALUES (71300, 6);
INSERT INTO psc_tab VALUES (51265, 5);
INSERT INTO psc_tab VALUES (71500, 6);
INSERT INTO psc_tab VALUES (67936, 14);
INSERT INTO psc_tab VALUES (72528, 6);
INSERT INTO psc_tab VALUES (71900, 6);
INSERT INTO psc_tab VALUES (72000, 6);
INSERT INTO psc_tab VALUES (35751, 2);
INSERT INTO psc_tab VALUES (73932, 6);
INSERT INTO psc_tab VALUES (51264, 5);
INSERT INTO psc_tab VALUES (36004, 2);
INSERT INTO psc_tab VALUES (28166, 11);
INSERT INTO psc_tab VALUES (36017, 2);
INSERT INTO psc_tab VALUES (36007, 2);
INSERT INTO psc_tab VALUES (69102, 14);
INSERT INTO psc_tab VALUES (69174, 14);
INSERT INTO psc_tab VALUES (51211, 5);
INSERT INTO psc_tab VALUES (69163, 14);
INSERT INTO psc_tab VALUES (27705, 11);
INSERT INTO psc_tab VALUES (70300, 6);
INSERT INTO psc_tab VALUES (70900, 6);
INSERT INTO psc_tab VALUES (75101, 7);
INSERT INTO psc_tab VALUES (72526, 6);
INSERT INTO psc_tab VALUES (69106, 14);
INSERT INTO psc_tab VALUES (36005, 2);
INSERT INTO psc_tab VALUES (67142, 14);
INSERT INTO psc_tab VALUES (69801, 14);
INSERT INTO psc_tab VALUES (47101, 5);
INSERT INTO psc_tab VALUES (47123, 5);
INSERT INTO psc_tab VALUES (36010, 2);
INSERT INTO psc_tab VALUES (33551, 9);
INSERT INTO psc_tab VALUES (39424, 3);
INSERT INTO psc_tab VALUES (71800, 6);
INSERT INTO psc_tab VALUES (25401, 11);
INSERT INTO psc_tab VALUES (36018, 2);
INSERT INTO psc_tab VALUES (46825, 5);
INSERT INTO psc_tab VALUES (67933, 14);
INSERT INTO psc_tab VALUES (67138, 14);
INSERT INTO psc_tab VALUES (70200, 6);
INSERT INTO psc_tab VALUES (69130, 14);
INSERT INTO psc_tab VALUES (46847, 5);
INSERT INTO psc_tab VALUES (69661, 14);
INSERT INTO psc_tab VALUES (78983, 7);
INSERT INTO psc_tab VALUES (70800, 6);
INSERT INTO psc_tab VALUES (72300, 6);
INSERT INTO psc_tab VALUES (35708, 2);
INSERT INTO psc_tab VALUES (47107, 5);
INSERT INTO psc_tab VALUES (29475, 11);
INSERT INTO psc_tab VALUES (47105, 5);
INSERT INTO psc_tab VALUES (78811, 7);
INSERT INTO psc_tab VALUES (71000, 6);
INSERT INTO psc_tab VALUES (71200, 6);
INSERT INTO psc_tab VALUES (72400, 6);
INSERT INTO psc_tab VALUES (59454, 3);
INSERT INTO psc_tab VALUES (25202, 11);
INSERT INTO psc_tab VALUES (78346, 7);
INSERT INTO psc_tab VALUES (58861, 3);
INSERT INTO psc_tab VALUES (58835, 3);
INSERT INTO psc_tab VALUES (58833, 3);
INSERT INTO psc_tab VALUES (25771, 11);
INSERT INTO psc_tab VALUES (39411, 3);
INSERT INTO psc_tab VALUES (67526, 3);
INSERT INTO psc_tab VALUES (33543, 9);
INSERT INTO psc_tab VALUES (25090, 11);
INSERT INTO psc_tab VALUES (59102, 3);
INSERT INTO psc_tab VALUES (34401, 9);
INSERT INTO psc_tab VALUES (33032, 9);
INSERT INTO psc_tab VALUES (34021, 9);
INSERT INTO psc_tab VALUES (28922, 11);
INSERT INTO psc_tab VALUES (34522, 9);
INSERT INTO psc_tab VALUES (34526, 9);
INSERT INTO psc_tab VALUES (34525, 9);
INSERT INTO psc_tab VALUES (67524, 3);
INSERT INTO psc_tab VALUES (29414, 11);
INSERT INTO psc_tab VALUES (27065, 11);
INSERT INTO psc_tab VALUES (29431, 11);
INSERT INTO psc_tab VALUES (67602, 3);
INSERT INTO psc_tab VALUES (39468, 3);
INSERT INTO psc_tab VALUES (34901, 9);
INSERT INTO psc_tab VALUES (39463, 3);
INSERT INTO psc_tab VALUES (33901, 9);
INSERT INTO psc_tab VALUES (28509, 11);
INSERT INTO psc_tab VALUES (36272, 2);
INSERT INTO psc_tab VALUES (78349, 7);
INSERT INTO psc_tab VALUES (78342, 7);
INSERT INTO psc_tab VALUES (35491, 2);
INSERT INTO psc_tab VALUES (35131, 2);
INSERT INTO psc_tab VALUES (67522, 3);
INSERT INTO psc_tab VALUES (33824, 9);
INSERT INTO psc_tab VALUES (34953, 9);
INSERT INTO psc_tab VALUES (39414, 3);
INSERT INTO psc_tab VALUES (72529, 6);
INSERT INTO psc_tab VALUES (72527, 6);
INSERT INTO psc_tab VALUES (34501, 9);
INSERT INTO psc_tab VALUES (72525, 6);
INSERT INTO psc_tab VALUES (33041, 9);
INSERT INTO psc_tab VALUES (33038, 9);
INSERT INTO psc_tab VALUES (28926, 11);
INSERT INTO psc_tab VALUES (35733, 2);
INSERT INTO psc_tab VALUES (25165, 11);
INSERT INTO psc_tab VALUES (58286, 3);
INSERT INTO psc_tab VALUES (25164, 11);
INSERT INTO psc_tab VALUES (79849, 7);
INSERT INTO psc_tab VALUES (39494, 3);
INSERT INTO psc_tab VALUES (25706, 11);
INSERT INTO psc_tab VALUES (35137, 2);
INSERT INTO psc_tab VALUES (33805, 9);
INSERT INTO psc_tab VALUES (72100, 6);
INSERT INTO psc_tab VALUES (28123, 11);
INSERT INTO psc_tab VALUES (72200, 6);
INSERT INTO psc_tab VALUES (78391, 7);
INSERT INTO psc_tab VALUES (25168, 11);
INSERT INTO psc_tab VALUES (78382, 7);
INSERT INTO psc_tab VALUES (36234, 2);
INSERT INTO psc_tab VALUES (39446, 3);
INSERT INTO psc_tab VALUES (58276, 3);
INSERT INTO psc_tab VALUES (58277, 3);
INSERT INTO psc_tab VALUES (58261, 3);
INSERT INTO psc_tab VALUES (27303, 11);
INSERT INTO psc_tab VALUES (58287, 3);
INSERT INTO psc_tab VALUES (39462, 3);
INSERT INTO psc_tab VALUES (75367, 7);
INSERT INTO psc_tab VALUES (67578, 3);
INSERT INTO psc_tab VALUES (67501, 3);
INSERT INTO psc_tab VALUES (27301, 11);
INSERT INTO psc_tab VALUES (58601, 3);
INSERT INTO psc_tab VALUES (33163, 9);
INSERT INTO psc_tab VALUES (59241, 3);
INSERT INTO psc_tab VALUES (59265, 3);
INSERT INTO psc_tab VALUES (36222, 2);
INSERT INTO psc_tab VALUES (27326, 11);
INSERT INTO psc_tab VALUES (67554, 3);
INSERT INTO psc_tab VALUES (25282, 11);
INSERT INTO psc_tab VALUES (59203, 3);
INSERT INTO psc_tab VALUES (67541, 3);
INSERT INTO psc_tab VALUES (58257, 3);
INSERT INTO psc_tab VALUES (73914, 6);
INSERT INTO psc_tab VALUES (74781, 6);
INSERT INTO psc_tab VALUES (58232, 3);
INSERT INTO psc_tab VALUES (67533, 3);
INSERT INTO psc_tab VALUES (33547, 9);
INSERT INTO psc_tab VALUES (73921, 6);
INSERT INTO psc_tab VALUES (35734, 2);
INSERT INTO psc_tab VALUES (58834, 3);
INSERT INTO psc_tab VALUES (58222, 3);
INSERT INTO psc_tab VALUES (73572, 6);
INSERT INTO psc_tab VALUES (59245, 3);
INSERT INTO psc_tab VALUES (73541, 6);
INSERT INTO psc_tab VALUES (74260, 6);
INSERT INTO psc_tab VALUES (33503, 9);
INSERT INTO psc_tab VALUES (25075, 11);
INSERT INTO psc_tab VALUES (58812, 3);
INSERT INTO psc_tab VALUES (33555, 9);
INSERT INTO psc_tab VALUES (78982, 7);
INSERT INTO psc_tab VALUES (35707, 2);
INSERT INTO psc_tab VALUES (74718, 6);
INSERT INTO psc_tab VALUES (58845, 3);
INSERT INTO psc_tab VALUES (58271, 3);
INSERT INTO psc_tab VALUES (58235, 3);
INSERT INTO psc_tab VALUES (74243, 6);
INSERT INTO psc_tab VALUES (74761, 6);
INSERT INTO psc_tab VALUES (59253, 3);
INSERT INTO psc_tab VALUES (74725, 6);
INSERT INTO psc_tab VALUES (73956, 6);
INSERT INTO psc_tab VALUES (73961, 6);
INSERT INTO psc_tab VALUES (58233, 3);
INSERT INTO psc_tab VALUES (79828, 7);
INSERT INTO psc_tab VALUES (79802, 7);
INSERT INTO psc_tab VALUES (39426, 3);
INSERT INTO psc_tab VALUES (36236, 2);
INSERT INTO psc_tab VALUES (74265, 6);
INSERT INTO psc_tab VALUES (35135, 2);
INSERT INTO psc_tab VALUES (59211, 3);
INSERT INTO psc_tab VALUES (67552, 3);
INSERT INTO psc_tab VALUES (27201, 11);
INSERT INTO psc_tab VALUES (67543, 3);
INSERT INTO psc_tab VALUES (27203, 11);
INSERT INTO psc_tab VALUES (79342, 6);
INSERT INTO psc_tab VALUES (78332, 7);
INSERT INTO psc_tab VALUES (27309, 11);
INSERT INTO psc_tab VALUES (79356, 6);
INSERT INTO psc_tab VALUES (73955, 6);
INSERT INTO psc_tab VALUES (67556, 3);
INSERT INTO psc_tab VALUES (67550, 3);
INSERT INTO psc_tab VALUES (74256, 6);
INSERT INTO psc_tab VALUES (33821, 9);
INSERT INTO psc_tab VALUES (27204, 11);
INSERT INTO psc_tab VALUES (74259, 6);
INSERT INTO psc_tab VALUES (74745, 6);
INSERT INTO psc_tab VALUES (33546, 9);
INSERT INTO psc_tab VALUES (35701, 2);
INSERT INTO psc_tab VALUES (74293, 6);
INSERT INTO psc_tab VALUES (58862, 3);
INSERT INTO psc_tab VALUES (74757, 6);
INSERT INTO psc_tab VALUES (29415, 11);
INSERT INTO psc_tab VALUES (25067, 11);
INSERT INTO psc_tab VALUES (59204, 3);
INSERT INTO psc_tab VALUES (59212, 3);
INSERT INTO psc_tab VALUES (78803, 7);
INSERT INTO psc_tab VALUES (74237, 6);
INSERT INTO psc_tab VALUES (25069, 11);
INSERT INTO psc_tab VALUES (73923, 6);
INSERT INTO psc_tab VALUES (58281, 3);
INSERT INTO psc_tab VALUES (33165, 9);
INSERT INTO psc_tab VALUES (59101, 3);
INSERT INTO psc_tab VALUES (67576, 3);
INSERT INTO psc_tab VALUES (58223, 3);
INSERT INTO psc_tab VALUES (58263, 3);
INSERT INTO psc_tab VALUES (26256, 11);
INSERT INTO psc_tab VALUES (74231, 6);
INSERT INTO psc_tab VALUES (73943, 6);
INSERT INTO psc_tab VALUES (35703, 2);
INSERT INTO psc_tab VALUES (74751, 6);
INSERT INTO psc_tab VALUES (73959, 6);
INSERT INTO psc_tab VALUES (39443, 3);
INSERT INTO psc_tab VALUES (78301, 7);
INSERT INTO psc_tab VALUES (28545, 11);
INSERT INTO psc_tab VALUES (25787, 11);
INSERT INTO psc_tab VALUES (74201, 6);
INSERT INTO psc_tab VALUES (39493, 3);
INSERT INTO psc_tab VALUES (58256, 3);
INSERT INTO psc_tab VALUES (27741, 11);
INSERT INTO psc_tab VALUES (39492, 3);
INSERT INTO psc_tab VALUES (73925, 6);
INSERT INTO psc_tab VALUES (36461, 2);
INSERT INTO psc_tab VALUES (28167, 11);
INSERT INTO psc_tab VALUES (74242, 6);
INSERT INTO psc_tab VALUES (59201, 3);
INSERT INTO psc_tab VALUES (74715, 6);
INSERT INTO psc_tab VALUES (59254, 3);
INSERT INTO psc_tab VALUES (74782, 6);
INSERT INTO psc_tab VALUES (67571, 3);
INSERT INTO psc_tab VALUES (74791, 6);
INSERT INTO psc_tab VALUES (79814, 7);
INSERT INTO psc_tab VALUES (74266, 6);
INSERT INTO psc_tab VALUES (73542, 6);
INSERT INTO psc_tab VALUES (30100, 9);
INSERT INTO psc_tab VALUES (58294, 3);
INSERT INTO psc_tab VALUES (31200, 9);
INSERT INTO psc_tab VALUES (74274, 6);
INSERT INTO psc_tab VALUES (58854, 3);
INSERT INTO psc_tab VALUES (74294, 6);
INSERT INTO psc_tab VALUES (31800, 9);
INSERT INTO psc_tab VALUES (75356, 7);
INSERT INTO psc_tab VALUES (28502, 11);
INSERT INTO psc_tab VALUES (58901, 3);
INSERT INTO psc_tab VALUES (67504, 3);
INSERT INTO psc_tab VALUES (79382, 6);
INSERT INTO psc_tab VALUES (32000, 9);
INSERT INTO psc_tab VALUES (67560, 3);
INSERT INTO psc_tab VALUES (75122, 7);
INSERT INTO psc_tab VALUES (78801, 7);
INSERT INTO psc_tab VALUES (32200, 9);
INSERT INTO psc_tab VALUES (33027, 9);
INSERT INTO psc_tab VALUES (39403, 3);
INSERT INTO psc_tab VALUES (73994, 6);
INSERT INTO psc_tab VALUES (26722, 11);
INSERT INTO psc_tab VALUES (58852, 3);
INSERT INTO psc_tab VALUES (79806, 7);
INSERT INTO psc_tab VALUES (75355, 7);
INSERT INTO psc_tab VALUES (78397, 7);
INSERT INTO psc_tab VALUES (79391, 6);
INSERT INTO psc_tab VALUES (79830, 7);
INSERT INTO psc_tab VALUES (74291, 6);
INSERT INTO psc_tab VALUES (74775, 6);
INSERT INTO psc_tab VALUES (39415, 3);
INSERT INTO psc_tab VALUES (78814, 7);
INSERT INTO psc_tab VALUES (39421, 3);
INSERT INTO psc_tab VALUES (78816, 7);
INSERT INTO psc_tab VALUES (58865, 3);
INSERT INTO psc_tab VALUES (74273, 6);
INSERT INTO psc_tab VALUES (79082, 7);
INSERT INTO psc_tab VALUES (74743, 6);
INSERT INTO psc_tab VALUES (58273, 3);
INSERT INTO psc_tab VALUES (74747, 6);
INSERT INTO psc_tab VALUES (79824, 7);
INSERT INTO psc_tab VALUES (25072, 11);
INSERT INTO psc_tab VALUES (75116, 7);
INSERT INTO psc_tab VALUES (75144, 7);
INSERT INTO psc_tab VALUES (36273, 2);
INSERT INTO psc_tab VALUES (78969, 7);
INSERT INTO psc_tab VALUES (28904, 11);
INSERT INTO psc_tab VALUES (27329, 11);
INSERT INTO psc_tab VALUES (74720, 6);
INSERT INTO psc_tab VALUES (79604, 7);
INSERT INTO psc_tab VALUES (79811, 7);
INSERT INTO psc_tab VALUES (27002, 11);
INSERT INTO psc_tab VALUES (39404, 3);
INSERT INTO psc_tab VALUES (79601, 7);
INSERT INTO psc_tab VALUES (34509, 9);
INSERT INTO psc_tab VALUES (73906, 6);
INSERT INTO psc_tab VALUES (26728, 11);
INSERT INTO psc_tab VALUES (79603, 7);
INSERT INTO psc_tab VALUES (59202, 3);
INSERT INTO psc_tab VALUES (74267, 6);
INSERT INTO psc_tab VALUES (34535, 9);
INSERT INTO psc_tab VALUES (39412, 3);
INSERT INTO psc_tab VALUES (28107, 11);
INSERT INTO psc_tab VALUES (78354, 7);
INSERT INTO psc_tab VALUES (79851, 7);
INSERT INTO psc_tab VALUES (58231, 3);
INSERT INTO psc_tab VALUES (28125, 11);
INSERT INTO psc_tab VALUES (25092, 11);
INSERT INTO psc_tab VALUES (75127, 7);
INSERT INTO psc_tab VALUES (58241, 3);
INSERT INTO psc_tab VALUES (25083, 11);
INSERT INTO psc_tab VALUES (26727, 11);
INSERT INTO psc_tab VALUES (25207, 11);
INSERT INTO psc_tab VALUES (67528, 3);
INSERT INTO psc_tab VALUES (59452, 3);
INSERT INTO psc_tab VALUES (78333, 7);
INSERT INTO psc_tab VALUES (79843, 7);
INSERT INTO psc_tab VALUES (26291, 11);
INSERT INTO psc_tab VALUES (59445, 3);
INSERT INTO psc_tab VALUES (25762, 11);
INSERT INTO psc_tab VALUES (27713, 11);
INSERT INTO psc_tab VALUES (58224, 3);
INSERT INTO psc_tab VALUES (58244, 3);
INSERT INTO psc_tab VALUES (29476, 11);
INSERT INTO psc_tab VALUES (28921, 11);
INSERT INTO psc_tab VALUES (78813, 7);
INSERT INTO psc_tab VALUES (33453, 9);
INSERT INTO psc_tab VALUES (75104, 7);
INSERT INTO psc_tab VALUES (79862, 7);
INSERT INTO psc_tab VALUES (78963, 7);
INSERT INTO psc_tab VALUES (28935, 11);
INSERT INTO psc_tab VALUES (75118, 7);
INSERT INTO psc_tab VALUES (27715, 11);
INSERT INTO psc_tab VALUES (27007, 11);
INSERT INTO psc_tab VALUES (78345, 7);
INSERT INTO psc_tab VALUES (75352, 7);
INSERT INTO psc_tab VALUES (28161, 11);
INSERT INTO psc_tab VALUES (26721, 11);
INSERT INTO psc_tab VALUES (79817, 7);
INSERT INTO psc_tab VALUES (26281, 11);
INSERT INTO psc_tab VALUES (26284, 11);
INSERT INTO psc_tab VALUES (79053, 7);
INSERT INTO psc_tab VALUES (28127, 11);
INSERT INTO psc_tab VALUES (39464, 3);
INSERT INTO psc_tab VALUES (79844, 7);
INSERT INTO psc_tab VALUES (58264, 3);
INSERT INTO psc_tab VALUES (75363, 7);
INSERT INTO psc_tab VALUES (58221, 3);
INSERT INTO psc_tab VALUES (79051, 7);
INSERT INTO psc_tab VALUES (28544, 11);
INSERT INTO psc_tab VALUES (26255, 11);
INSERT INTO psc_tab VALUES (58252, 3);
INSERT INTO psc_tab VALUES (25742, 11);
INSERT INTO psc_tab VALUES (33202, 9);
INSERT INTO psc_tab VALUES (27302, 11);
INSERT INTO psc_tab VALUES (33845, 9);
INSERT INTO psc_tab VALUES (25267, 11);
INSERT INTO psc_tab VALUES (59264, 3);
INSERT INTO psc_tab VALUES (78385, 7);
INSERT INTO psc_tab VALUES (27009, 11);
INSERT INTO psc_tab VALUES (27053, 11);
INSERT INTO psc_tab VALUES (58831, 3);
INSERT INTO psc_tab VALUES (75102, 7);
INSERT INTO psc_tab VALUES (59233, 3);
INSERT INTO psc_tab VALUES (67559, 3);
INSERT INTO psc_tab VALUES (33207, 9);
INSERT INTO psc_tab VALUES (78396, 7);
INSERT INTO psc_tab VALUES (25084, 11);
INSERT INTO psc_tab VALUES (26293, 11);
INSERT INTO psc_tab VALUES (28547, 11);
INSERT INTO psc_tab VALUES (58844, 3);
INSERT INTO psc_tab VALUES (28546, 11);
INSERT INTO psc_tab VALUES (28933, 11);
INSERT INTO psc_tab VALUES (67525, 3);
INSERT INTO psc_tab VALUES (33822, 9);
INSERT INTO psc_tab VALUES (79064, 7);
INSERT INTO psc_tab VALUES (33203, 9);
INSERT INTO psc_tab VALUES (58866, 3);
INSERT INTO psc_tab VALUES (78353, 7);
INSERT INTO psc_tab VALUES (79058, 7);
INSERT INTO psc_tab VALUES (58272, 3);
INSERT INTO psc_tab VALUES (59257, 3);
INSERT INTO psc_tab VALUES (79052, 7);
INSERT INTO psc_tab VALUES (25766, 11);
INSERT INTO psc_tab VALUES (78372, 7);
INSERT INTO psc_tab VALUES (59252, 3);
INSERT INTO psc_tab VALUES (77700, 7);
INSERT INTO psc_tab VALUES (78355, 7);
INSERT INTO psc_tab VALUES (26741, 11);
INSERT INTO psc_tab VALUES (25169, 11);
INSERT INTO psc_tab VALUES (25163, 11);
INSERT INTO psc_tab VALUES (75119, 7);
INSERT INTO psc_tab VALUES (39401, 3);
INSERT INTO psc_tab VALUES (79055, 7);
INSERT INTO psc_tab VALUES (28403, 11);
INSERT INTO psc_tab VALUES (28404, 11);
INSERT INTO psc_tab VALUES (79808, 7);
INSERT INTO psc_tab VALUES (33026, 9);
INSERT INTO psc_tab VALUES (79813, 7);
INSERT INTO psc_tab VALUES (27375, 11);
INSERT INTO psc_tab VALUES (79809, 7);
INSERT INTO psc_tab VALUES (34972, 9);
INSERT INTO psc_tab VALUES (27061, 11);
INSERT INTO psc_tab VALUES (39456, 3);
INSERT INTO psc_tab VALUES (27101, 11);
INSERT INTO psc_tab VALUES (28101, 11);
INSERT INTO psc_tab VALUES (27021, 11);
INSERT INTO psc_tab VALUES (25089, 11);
INSERT INTO psc_tab VALUES (79376, 7);
INSERT INTO psc_tab VALUES (27305, 11);
INSERT INTO psc_tab VALUES (29447, 11);
INSERT INTO psc_tab VALUES (27708, 11);
INSERT INTO psc_tab VALUES (27361, 11);
INSERT INTO psc_tab VALUES (28601, 11);
INSERT INTO psc_tab VALUES (58265, 3);
INSERT INTO psc_tab VALUES (25101, 11);
INSERT INTO psc_tab VALUES (29401, 11);
INSERT INTO psc_tab VALUES (29306, 11);
INSERT INTO psc_tab VALUES (58801, 3);
INSERT INTO psc_tab VALUES (26723, 11);
INSERT INTO psc_tab VALUES (27731, 11);
INSERT INTO psc_tab VALUES (25266, 11);
INSERT INTO psc_tab VALUES (28163, 11);
INSERT INTO psc_tab VALUES (33040, 9);
INSERT INTO psc_tab VALUES (58262, 3);
INSERT INTO psc_tab VALUES (25065, 11);
INSERT INTO psc_tab VALUES (26751, 11);
INSERT INTO psc_tab VALUES (58867, 3);
INSERT INTO psc_tab VALUES (27054, 11);
INSERT INTO psc_tab VALUES (28143, 11);
INSERT INTO psc_tab VALUES (28504, 11);
INSERT INTO psc_tab VALUES (28144, 11);
INSERT INTO psc_tab VALUES (29421, 11);
INSERT INTO psc_tab VALUES (29425, 11);
INSERT INTO psc_tab VALUES (29427, 11);
INSERT INTO psc_tab VALUES (27363, 11);
INSERT INTO psc_tab VALUES (27353, 11);
INSERT INTO psc_tab VALUES (28002, 11);
INSERT INTO psc_tab VALUES (29471, 11);
INSERT INTO psc_tab VALUES (28907, 11);
INSERT INTO psc_tab VALUES (27711, 11);
INSERT INTO psc_tab VALUES (25601, 11);
INSERT INTO psc_tab VALUES (58811, 3);
INSERT INTO psc_tab VALUES (27379, 11);
INSERT INTO psc_tab VALUES (27206, 11);
INSERT INTO psc_tab VALUES (27354, 11);
INSERT INTO psc_tab VALUES (28151, 11);
INSERT INTO psc_tab VALUES (27746, 11);
INSERT INTO psc_tab VALUES (27376, 11);
INSERT INTO psc_tab VALUES (33541, 9);
INSERT INTO psc_tab VALUES (28401, 11);
INSERT INTO psc_tab VALUES (25765, 11);
INSERT INTO psc_tab VALUES (26901, 11);
INSERT INTO psc_tab VALUES (26601, 11);
INSERT INTO psc_tab VALUES (27052, 11);
INSERT INTO psc_tab VALUES (25203, 11);
INSERT INTO psc_tab VALUES (26711, 11);
INSERT INTO psc_tab VALUES (27736, 11);
INSERT INTO psc_tab VALUES (26243, 11);
INSERT INTO psc_tab VALUES (28908, 11);
INSERT INTO psc_tab VALUES (34507, 9);
INSERT INTO psc_tab VALUES (27371, 11);
INSERT INTO psc_tab VALUES (26724, 11);
INSERT INTO psc_tab VALUES (33016, 9);
INSERT INTO psc_tab VALUES (29429, 11);
INSERT INTO psc_tab VALUES (28572, 11);
INSERT INTO psc_tab VALUES (67545, 3);
INSERT INTO psc_tab VALUES (27374, 11);
INSERT INTO psc_tab VALUES (25726, 11);
INSERT INTO psc_tab VALUES (58251, 3);
INSERT INTO psc_tab VALUES (27307, 11);
INSERT INTO psc_tab VALUES (59263, 3);
INSERT INTO psc_tab VALUES (25768, 11);
INSERT INTO psc_tab VALUES (27328, 11);
INSERT INTO psc_tab VALUES (28931, 11);
INSERT INTO psc_tab VALUES (28932, 11);
INSERT INTO psc_tab VALUES (28937, 11);
INSERT INTO psc_tab VALUES (28522, 11);
INSERT INTO psc_tab VALUES (67579, 3);
INSERT INTO psc_tab VALUES (28525, 11);
INSERT INTO psc_tab VALUES (26261, 11);
INSERT INTO psc_tab VALUES (33022, 9);
INSERT INTO psc_tab VALUES (28106, 11);
INSERT INTO psc_tab VALUES (26231, 11);
INSERT INTO psc_tab VALUES (26263, 11);
INSERT INTO psc_tab VALUES (33008, 9);
INSERT INTO psc_tab VALUES (26241, 11);
INSERT INTO psc_tab VALUES (25162, 11);
INSERT INTO psc_tab VALUES (39496, 3);
INSERT INTO psc_tab VALUES (58243, 3);
INSERT INTO psc_tab VALUES (25206, 11);
INSERT INTO psc_tab VALUES (26203, 11);
INSERT INTO psc_tab VALUES (26205, 11);
INSERT INTO psc_tab VALUES (34004, 9);
INSERT INTO psc_tab VALUES (29426, 11);
INSERT INTO psc_tab VALUES (27714, 11);
INSERT INTO psc_tab VALUES (26301, 11);
INSERT INTO psc_tab VALUES (26215, 11);
INSERT INTO psc_tab VALUES (28523, 11);
INSERT INTO psc_tab VALUES (27036, 11);
INSERT INTO psc_tab VALUES (27706, 11);
INSERT INTO psc_tab VALUES (27051, 11);
INSERT INTO psc_tab VALUES (25001, 11);
INSERT INTO psc_tab VALUES (33554, 9);
INSERT INTO psc_tab VALUES (27341, 11);
INSERT INTO psc_tab VALUES (27023, 11);
INSERT INTO psc_tab VALUES (29402, 11);
INSERT INTO psc_tab VALUES (27351, 11);
INSERT INTO psc_tab VALUES (26223, 11);
INSERT INTO psc_tab VALUES (28541, 11);
INSERT INTO psc_tab VALUES (27362, 11);
INSERT INTO psc_tab VALUES (58245, 3);
INSERT INTO psc_tab VALUES (28564, 11);
INSERT INTO psc_tab VALUES (25205, 11);
INSERT INTO psc_tab VALUES (59441, 3);
INSERT INTO psc_tab VALUES (25063, 11);
INSERT INTO psc_tab VALUES (26763, 11);
INSERT INTO psc_tab VALUES (26221, 11);
INSERT INTO psc_tab VALUES (26762, 11);
INSERT INTO psc_tab VALUES (29473, 11);
INSERT INTO psc_tab VALUES (26742, 11);
INSERT INTO psc_tab VALUES (58254, 3);
INSERT INTO psc_tab VALUES (29411, 11);
INSERT INTO psc_tab VALUES (26272, 11);
INSERT INTO psc_tab VALUES (67553, 3);
INSERT INTO psc_tab VALUES (29406, 11);
INSERT INTO psc_tab VALUES (25754, 11);
INSERT INTO psc_tab VALUES (25245, 11);
INSERT INTO psc_tab VALUES (25901, 11);
INSERT INTO psc_tab VALUES (25755, 11);
INSERT INTO psc_tab VALUES (29424, 11);
INSERT INTO psc_tab VALUES (59244, 3);
INSERT INTO psc_tab VALUES (27034, 11);
INSERT INTO psc_tab VALUES (28201, 11);
INSERT INTO psc_tab VALUES (28915, 11);
INSERT INTO psc_tab VALUES (25088, 11);
INSERT INTO psc_tab VALUES (26718, 11);
INSERT INTO psc_tab VALUES (28802, 11);
INSERT INTO psc_tab VALUES (25741, 11);
INSERT INTO psc_tab VALUES (25721, 11);
INSERT INTO psc_tab VALUES (39428, 3);
INSERT INTO psc_tab VALUES (29301, 11);
INSERT INTO psc_tab VALUES (25208, 11);
INSERT INTO psc_tab VALUES (27343, 11);
INSERT INTO psc_tab VALUES (27601, 11);
INSERT INTO psc_tab VALUES (26701, 11);
INSERT INTO psc_tab VALUES (25753, 11);
INSERT INTO psc_tab VALUES (25751, 11);
INSERT INTO psc_tab VALUES (25703, 11);
INSERT INTO psc_tab VALUES (28936, 11);
INSERT INTO psc_tab VALUES (29477, 11);
INSERT INTO psc_tab VALUES (27738, 11);
INSERT INTO psc_tab VALUES (27732, 11);
INSERT INTO psc_tab VALUES (26743, 11);
INSERT INTO psc_tab VALUES (28102, 11);
INSERT INTO psc_tab VALUES (26761, 11);
INSERT INTO psc_tab VALUES (59457, 3);
INSERT INTO psc_tab VALUES (28533, 11);
INSERT INTO psc_tab VALUES (27704, 11);
INSERT INTO psc_tab VALUES (58283, 3);
INSERT INTO psc_tab VALUES (25801, 11);
INSERT INTO psc_tab VALUES (27707, 11);
INSERT INTO psc_tab VALUES (29446, 11);
INSERT INTO psc_tab VALUES (29443, 11);
INSERT INTO psc_tab VALUES (59266, 3);
INSERT INTO psc_tab VALUES (25724, 11);
INSERT INTO psc_tab VALUES (27373, 11);
INSERT INTO psc_tab VALUES (39427, 3);
INSERT INTO psc_tab VALUES (28923, 11);
INSERT INTO psc_tab VALUES (28924, 11);
INSERT INTO psc_tab VALUES (39405, 3);
INSERT INTO psc_tab VALUES (28571, 11);
INSERT INTO psc_tab VALUES (25722, 11);
INSERT INTO psc_tab VALUES (28501, 11);
INSERT INTO psc_tab VALUES (25210, 11);
INSERT INTO psc_tab VALUES (27324, 11);
INSERT INTO psc_tab VALUES (27323, 11);
INSERT INTO psc_tab VALUES (29303, 11);
INSERT INTO psc_tab VALUES (28542, 11);
INSERT INTO psc_tab VALUES (25231, 11);
INSERT INTO psc_tab VALUES (58826, 3);
INSERT INTO psc_tab VALUES (26726, 11);
INSERT INTO psc_tab VALUES (28121, 11);
INSERT INTO psc_tab VALUES (25788, 11);
INSERT INTO psc_tab VALUES (25786, 11);
INSERT INTO psc_tab VALUES (59256, 3);
INSERT INTO psc_tab VALUES (25791, 11);
INSERT INTO psc_tab VALUES (25789, 11);
INSERT INTO psc_tab VALUES (27716, 11);
INSERT INTO psc_tab VALUES (28510, 11);
INSERT INTO psc_tab VALUES (25087, 11);
INSERT INTO psc_tab VALUES (25243, 11);
INSERT INTO psc_tab VALUES (25170, 11);
INSERT INTO psc_tab VALUES (25268, 11);
INSERT INTO psc_tab VALUES (25264, 11);
INSERT INTO psc_tab VALUES (28925, 11);
INSERT INTO psc_tab VALUES (28901, 11);
INSERT INTO psc_tab VALUES (25204, 11);
INSERT INTO psc_tab VALUES (26717, 11);
INSERT INTO psc_tab VALUES (29423, 11);
INSERT INTO psc_tab VALUES (26252, 11);
INSERT INTO psc_tab VALUES (27064, 11);
INSERT INTO psc_tab VALUES (39444, 3);
INSERT INTO psc_tab VALUES (26716, 11);
INSERT INTO psc_tab VALUES (27004, 11);
INSERT INTO psc_tab VALUES (79804, 7);
INSERT INTO psc_tab VALUES (78501, 7);
INSERT INTO psc_tab VALUES (79821, 7);
INSERT INTO psc_tab VALUES (79001, 7);
INSERT INTO psc_tab VALUES (78316, 7);
INSERT INTO psc_tab VALUES (75364, 7);
INSERT INTO psc_tab VALUES (28574, 11);
INSERT INTO psc_tab VALUES (26729, 11);
INSERT INTO psc_tab VALUES (75002, 7);
INSERT INTO psc_tab VALUES (75115, 7);
INSERT INTO psc_tab VALUES (79057, 7);
INSERT INTO psc_tab VALUES (75354, 7);
INSERT INTO psc_tab VALUES (78321, 7);
INSERT INTO psc_tab VALUES (29405, 11);
INSERT INTO psc_tab VALUES (78324, 7);
INSERT INTO psc_tab VALUES (28903, 11);
INSERT INTO psc_tab VALUES (25082, 11);
INSERT INTO psc_tab VALUES (79069, 7);
INSERT INTO psc_tab VALUES (29441, 11);
INSERT INTO psc_tab VALUES (25708, 11);
INSERT INTO psc_tab VALUES (79841, 7);
INSERT INTO psc_tab VALUES (78322, 7);
INSERT INTO psc_tab VALUES (79812, 7);
INSERT INTO psc_tab VALUES (78375, 7);
INSERT INTO psc_tab VALUES (78961, 7);
INSERT INTO psc_tab VALUES (78964, 7);
INSERT INTO psc_tab VALUES (29442, 11);
INSERT INTO psc_tab VALUES (78314, 7);
INSERT INTO psc_tab VALUES (79856, 7);
INSERT INTO psc_tab VALUES (78972, 7);
INSERT INTO psc_tab VALUES (75131, 7);
INSERT INTO psc_tab VALUES (78962, 7);
INSERT INTO psc_tab VALUES (79861, 7);
INSERT INTO psc_tab VALUES (78325, 7);
INSERT INTO psc_tab VALUES (25261, 11);
INSERT INTO psc_tab VALUES (27721, 11);
INSERT INTO psc_tab VALUES (27723, 11);
INSERT INTO psc_tab VALUES (25225, 11);
INSERT INTO psc_tab VALUES (28911, 11);
INSERT INTO psc_tab VALUES (78825, 7);
INSERT INTO psc_tab VALUES (78701, 7);
INSERT INTO psc_tab VALUES (25229, 11);
INSERT INTO psc_tab VALUES (78975, 7);
INSERT INTO psc_tab VALUES (79846, 7);
INSERT INTO psc_tab VALUES (79845, 7);
INSERT INTO psc_tab VALUES (79807, 7);
INSERT INTO psc_tab VALUES (26202, 11);
INSERT INTO psc_tab VALUES (75103, 7);
INSERT INTO psc_tab VALUES (79852, 7);
INSERT INTO psc_tab VALUES (28905, 11);
INSERT INTO psc_tab VALUES (75121, 7);
INSERT INTO psc_tab VALUES (79848, 7);
INSERT INTO psc_tab VALUES (77900, 7);
INSERT INTO psc_tab VALUES (27364, 11);
INSERT INTO psc_tab VALUES (27801, 11);
INSERT INTO psc_tab VALUES (75353, 7);
INSERT INTO psc_tab VALUES (27701, 11);
INSERT INTO psc_tab VALUES (79858, 7);
INSERT INTO psc_tab VALUES (79823, 7);
INSERT INTO psc_tab VALUES (79816, 7);
INSERT INTO psc_tab VALUES (79054, 7);
INSERT INTO psc_tab VALUES (75368, 7);
INSERT INTO psc_tab VALUES (27734, 11);
INSERT INTO psc_tab VALUES (78401, 7);
INSERT INTO psc_tab VALUES (79081, 7);
INSERT INTO psc_tab VALUES (27724, 11);
INSERT INTO psc_tab VALUES (25241, 11);
INSERT INTO psc_tab VALUES (78901, 7);
INSERT INTO psc_tab VALUES (25246, 11);
INSERT INTO psc_tab VALUES (26213, 11);
INSERT INTO psc_tab VALUES (79825, 7);
INSERT INTO psc_tab VALUES (26262, 11);
INSERT INTO psc_tab VALUES (78820, 7);
INSERT INTO psc_tab VALUES (75123, 7);
INSERT INTO psc_tab VALUES (75125, 7);
INSERT INTO psc_tab VALUES (78356, 7);
INSERT INTO psc_tab VALUES (79826, 7);
INSERT INTO psc_tab VALUES (78306, 7);
INSERT INTO psc_tab VALUES (78344, 7);
INSERT INTO psc_tab VALUES (25081, 11);
INSERT INTO psc_tab VALUES (79607, 7);
INSERT INTO psc_tab VALUES (75114, 7);
INSERT INTO psc_tab VALUES (29478, 11);
INSERT INTO psc_tab VALUES (79853, 7);
INSERT INTO psc_tab VALUES (78373, 7);
INSERT INTO psc_tab VALUES (79855, 7);
INSERT INTO psc_tab VALUES (78833, 7);
INSERT INTO psc_tab VALUES (29448, 11);
INSERT INTO psc_tab VALUES (78832, 7);
INSERT INTO psc_tab VALUES (28521, 11);
INSERT INTO psc_tab VALUES (29430, 11);
INSERT INTO psc_tab VALUES (78361, 7);
INSERT INTO psc_tab VALUES (78365, 7);
INSERT INTO psc_tab VALUES (25219, 11);
INSERT INTO psc_tab VALUES (26285, 11);
INSERT INTO psc_tab VALUES (26101, 11);
INSERT INTO psc_tab VALUES (27751, 11);
INSERT INTO psc_tab VALUES (27033, 11);
INSERT INTO psc_tab VALUES (78347, 7);
INSERT INTO psc_tab VALUES (78335, 7);
INSERT INTO psc_tab VALUES (78305, 7);
INSERT INTO psc_tab VALUES (75117, 7);
INSERT INTO psc_tab VALUES (28565, 11);
INSERT INTO psc_tab VALUES (27377, 11);
INSERT INTO psc_tab VALUES (28511, 11);
INSERT INTO psc_tab VALUES (25066, 11);
INSERT INTO psc_tab VALUES (27342, 11);
INSERT INTO psc_tab VALUES (27401, 11);
INSERT INTO psc_tab VALUES (27745, 11);
INSERT INTO psc_tab VALUES (26401, 11);
INSERT INTO psc_tab VALUES (26251, 11);
INSERT INTO psc_tab VALUES (25764, 11);
INSERT INTO psc_tab VALUES (25167, 11);
INSERT INTO psc_tab VALUES (26801, 11);
INSERT INTO psc_tab VALUES (25230, 11);
INSERT INTO psc_tab VALUES (29474, 11);
INSERT INTO psc_tab VALUES (28532, 11);
INSERT INTO psc_tab VALUES (26222, 11);
INSERT INTO psc_tab VALUES (25705, 11);
INSERT INTO psc_tab VALUES (27321, 11);
INSERT INTO psc_tab VALUES (25265, 11);
INSERT INTO psc_tab VALUES (28146, 11);
INSERT INTO psc_tab VALUES (27703, 11);
INSERT INTO psc_tab VALUES (29479, 11);
INSERT INTO psc_tab VALUES (25262, 11);
INSERT INTO psc_tab VALUES (29412, 11);
INSERT INTO psc_tab VALUES (28573, 11);
INSERT INTO psc_tab VALUES (28914, 11);
INSERT INTO psc_tab VALUES (28913, 11);
INSERT INTO psc_tab VALUES (26753, 11);
INSERT INTO psc_tab VALUES (28575, 11);
INSERT INTO psc_tab VALUES (26705, 11);
INSERT INTO psc_tab VALUES (27322, 11);
INSERT INTO psc_tab VALUES (27744, 11);
INSERT INTO psc_tab VALUES (25301, 11);
INSERT INTO psc_tab VALUES (28129, 11);
INSERT INTO psc_tab VALUES (28562, 11);
INSERT INTO psc_tab VALUES (25064, 11);
INSERT INTO psc_tab VALUES (27752, 11);
INSERT INTO psc_tab VALUES (27304, 11);
INSERT INTO psc_tab VALUES (28912, 11);
INSERT INTO psc_tab VALUES (25209, 11);
INSERT INTO psc_tab VALUES (27041, 11);
INSERT INTO psc_tab VALUES (27306, 11);
INSERT INTO psc_tab VALUES (29307, 11);
INSERT INTO psc_tab VALUES (25166, 11);
INSERT INTO psc_tab VALUES (27345, 11);
INSERT INTO psc_tab VALUES (26204, 11);
INSERT INTO psc_tab VALUES (28531, 11);
INSERT INTO psc_tab VALUES (28561, 11);
INSERT INTO psc_tab VALUES (27008, 11);
INSERT INTO psc_tab VALUES (26214, 11);
INSERT INTO psc_tab VALUES (26703, 11);
INSERT INTO psc_tab VALUES (25763, 11);
INSERT INTO psc_tab VALUES (25068, 11);
INSERT INTO psc_tab VALUES (27035, 11);
INSERT INTO psc_tab VALUES (25216, 11);
INSERT INTO psc_tab VALUES (26244, 11);
INSERT INTO psc_tab VALUES (26706, 11);
INSERT INTO psc_tab VALUES (26212, 11);
INSERT INTO psc_tab VALUES (29445, 11);
INSERT INTO psc_tab VALUES (25744, 11);
INSERT INTO psc_tab VALUES (29403, 11);
INSERT INTO psc_tab VALUES (27742, 11);
INSERT INTO psc_tab VALUES (25070, 11);
INSERT INTO psc_tab VALUES (28130, 11);
INSERT INTO psc_tab VALUES (28162, 11);
INSERT INTO psc_tab VALUES (26764, 11);
INSERT INTO psc_tab VALUES (28906, 11);
INSERT INTO psc_tab VALUES (27032, 11);
INSERT INTO psc_tab VALUES (28941, 11);
INSERT INTO psc_tab VALUES (26725, 11);
INSERT INTO psc_tab VALUES (27327, 11);
INSERT INTO psc_tab VALUES (28543, 11);
INSERT INTO psc_tab VALUES (26232, 11);
INSERT INTO psc_tab VALUES (25281, 11);
INSERT INTO psc_tab VALUES (27308, 11);
INSERT INTO psc_tab VALUES (26225, 11);
INSERT INTO psc_tab VALUES (28104, 11);
INSERT INTO psc_tab VALUES (27325, 11);
INSERT INTO psc_tab VALUES (27055, 11);
INSERT INTO psc_tab VALUES (25702, 11);
INSERT INTO psc_tab VALUES (28563, 11);
INSERT INTO psc_tab VALUES (26754, 11);
INSERT INTO psc_tab VALUES (25709, 11);
INSERT INTO psc_tab VALUES (28916, 11);
INSERT INTO psc_tab VALUES (25723, 11);
INSERT INTO psc_tab VALUES (25244, 11);
INSERT INTO psc_tab VALUES (27031, 11);
INSERT INTO psc_tab VALUES (25218, 11);
INSERT INTO psc_tab VALUES (27024, 11);
INSERT INTO psc_tab VALUES (28128, 11);
INSERT INTO psc_tab VALUES (28507, 11);
INSERT INTO psc_tab VALUES (28141, 11);
INSERT INTO psc_tab VALUES (26211, 11);
INSERT INTO psc_tab VALUES (28171, 11);
INSERT INTO psc_tab VALUES (25263, 11);
INSERT INTO psc_tab VALUES (27062, 11);
INSERT INTO psc_tab VALUES (27733, 11);

INSERT INTO insolvency_states_types_tab VALUES (1, 'NEVYRIZENA', 'nevyřízená - před rozhodnutím o úpadku');
INSERT INTO insolvency_states_types_tab VALUES (2, 'MORATORIUM', 'moratorium - povoleno moratorium');
INSERT INTO insolvency_states_types_tab VALUES (3, 'ÚPADEK', 'úpadek - v úpadku');
INSERT INTO insolvency_states_types_tab VALUES (4, 'KONKURS', 'konkurs - prohlášený konkurs');
INSERT INTO insolvency_states_types_tab VALUES (5, 'ODDLUŽENÍ', 'oddlužení - povoleno oddlužení');
INSERT INTO insolvency_states_types_tab VALUES (6, 'REORGANIZ', 'reorganizace - povolena reorganizace');
INSERT INTO insolvency_states_types_tab VALUES (7, 'VYRIZENA', 'vyřízená - vyřízená věc');
INSERT INTO insolvency_states_types_tab VALUES (8, 'PRAVOMOCNA', 'pravomocná - pravomocně skončená věc');
INSERT INTO insolvency_states_types_tab VALUES (9, 'ODSKRTNUTA', 'odškrtnutá - odškrtnutá - skončená věc');
INSERT INTO insolvency_states_types_tab VALUES (10, 'ZRUŠENO VS', 'zrušeno vrchním soudem - zrušeno vrchním soudem');
INSERT INTO insolvency_states_types_tab VALUES (11, 'K-PO ZRUŠ.', 'konkurs po zrušení - prohlášený konkurs po zrušení VS');
INSERT INTO insolvency_states_types_tab VALUES (12, 'OBZIVLA', 'obživlá - obživlá věc');
INSERT INTO insolvency_states_types_tab VALUES (13, 'MYLNÝ ZÁP.', 'mylný zápis - mylný zápis do rejstříku');
INSERT INTO insolvency_states_types_tab VALUES (14, 'NEVYR-POST', 'postoupená věc - postoupená věc');